territori,tipus_de_territori,anys,poblacio.espanya,poblacio.resta de la unio europea,poblacio.resta del mon
barcelona,municipi,1997,1467063,7409,19108
barcelona,municipi,1998,1474740,8465,23713
barcelona,municipi,1999,1465518,9476,28721
barcelona,municipi,2000,1451247,10614,35401
barcelona,municipi,2001,1433986,12593,60317
barcelona,municipi,2002,1435676,18076,100725
barcelona,municipi,2003,1414749,23510,142611
barcelona,municipi,2004,1391575,29262,167345
barcelona,municipi,2005,1372461,36312,190065
barcelona,municipi,2006,1359040,43095,207381
barcelona,municipi,2007,1348056,58463,187430
barcelona,municipi,2008,1341107,69375,204228
barcelona,municipi,2009,1336490,75738,219375
barcelona,municipi,2010,1335882,75065,208498
barcelona,municipi,2011,1335652,69538,209227
barcelona,municipi,2012,1336800,72667,210194
barcelona,municipi,2013,1332044,77349,203258
barcelona,municipi,2014,1330207,79781,192273
barcelona,municipi,2015,1341843,80628,182024
barcelona,municipi,2016,1342637,82924,184647
barcelona,municipi,2017,1336462,88460,199976
barcelona,municipi,2018,1327310,91662,209740
barcelona,municipi,2019,1316842,102933,230366
barcelona,municipi,2020,1305560,108291,252447
barcelona,municipi,2021,1288787,102263,269026
barcelona,municipi,2022,1276405,106466,256886
barcelona,municipi,2023,1268444,107031,284672
ciutat vella,districte,1997,76579,690,4996
ciutat vella,districte,1998,77114,891,6293
ciutat vella,districte,1999,75847,1047,7633
ciutat vella,districte,2000,74140,1348,9020
ciutat vella,districte,2001,72318,1771,14890
ciutat vella,districte,2002,71156,2728,24537
ciutat vella,districte,2003,69231,3735,33552
ciutat vella,districte,2004,67409,4769,37648
ciutat vella,districte,2005,65756,6071,41191
ciutat vella,districte,2006,64563,7458,42254
ciutat vella,districte,2007,63570,10324,37830
ciutat vella,districte,2008,62670,11905,37157
ciutat vella,districte,2009,61794,12963,35232
ciutat vella,districte,2010,61427,12268,30948
ciutat vella,districte,2011,60853,11195,31501
ciutat vella,districte,2012,60316,11912,32106
ciutat vella,districte,2013,58794,12882,31609
ciutat vella,districte,2014,57378,13448,29852
ciutat vella,districte,2015,57480,13750,28908
ciutat vella,districte,2016,56976,14203,29165
ciutat vella,districte,2017,56071,15142,30921
ciutat vella,districte,2018,54768,15300,31959
ciutat vella,districte,2019,53546,17206,34959
ciutat vella,districte,2020,52439,17371,38405
ciutat vella,districte,2021,51938,15682,42013
ciutat vella,districte,2022,51140,15510,39343
ciutat vella,districte,2023,50809,14747,40856
el raval,barri,1997,31117,249,2730
el raval,barri,1998,31302,309,3531
el raval,barri,1999,30650,341,4359
el raval,barri,2000,29760,408,5156
el raval,barri,2001,28989,509,8076
el raval,barri,2002,28617,854,12362
el raval,barri,2003,27648,1136,16781
el raval,barri,2004,26744,1496,17996
el raval,barri,2005,26079,1849,19378
el raval,barri,2006,25425,2237,20015
el raval,barri,2007,25156,3172,17719
el raval,barri,2008,25023,3681,18769
el raval,barri,2009,24944,4065,18947
el raval,barri,2010,24994,4070,18283
el raval,barri,2011,24838,3700,19176
el raval,barri,2012,24818,3966,20194
el raval,barri,2013,24350,4233,20174
el raval,barri,2014,24084,4285,19110
el raval,barri,2015,24498,4347,18293
el raval,barri,2016,24275,4445,18466
el raval,barri,2017,24108,4731,19052
el raval,barri,2018,23732,4884,18890
el raval,barri,2019,23170,5502,19530
el raval,barri,2020,22660,5602,19906
el raval,barri,2021,22691,5033,20949
el raval,barri,2022,22369,4909,19223
el raval,barri,2023,22396,4563,18693
el barri gotic,barri,1997,12675,189,699
el barri gotic,barri,1998,12986,246,890
el barri gotic,barri,1999,13085,308,1081
el barri gotic,barri,2000,13107,438,1256
el barri gotic,barri,2001,12788,561,2944
el barri gotic,barri,2002,12605,835,6373
el barri gotic,barri,2003,12414,1149,9095
el barri gotic,barri,2004,12318,1467,11283
el barri gotic,barri,2005,12085,1949,13067
el barri gotic,barri,2006,11891,2383,13254
el barri gotic,barri,2007,11752,3396,12497
el barri gotic,barri,2008,11252,3721,10515
el barri gotic,barri,2009,10790,3915,8081
el barri gotic,barri,2010,10514,2978,5023
el barri gotic,barri,2011,10323,2709,4643
el barri gotic,barri,2012,10102,2672,4103
el barri gotic,barri,2013,9703,2829,3740
el barri gotic,barri,2014,9126,3081,3525
el barri gotic,barri,2015,9007,3079,3422
el barri gotic,barri,2016,8925,3208,3588
el barri gotic,barri,2017,8726,3392,4113
el barri gotic,barri,2018,8501,3377,5150
el barri gotic,barri,2019,8387,3846,6938
el barri gotic,barri,2020,8270,3891,9541
el barri gotic,barri,2021,8257,3436,11145
el barri gotic,barri,2022,8243,3505,10994
el barri gotic,barri,2023,8385,3281,12784
la barceloneta,barri,1997,14378,35,351
la barceloneta,barri,1998,14425,47,438
la barceloneta,barri,1999,14303,69,565
la barceloneta,barri,2000,14049,120,742
la barceloneta,barri,2001,13732,176,1200
la barceloneta,barri,2002,13388,263,1842
la barceloneta,barri,2003,13047,386,2537
la barceloneta,barri,2004,12617,474,2858
la barceloneta,barri,2005,12248,644,2888
la barceloneta,barri,2006,12010,874,2957
la barceloneta,barri,2007,11740,1259,2626
la barceloneta,barri,2008,11658,1578,2906
la barceloneta,barri,2009,11472,1763,2992
la barceloneta,barri,2010,11443,1887,2759
la barceloneta,barri,2011,11315,1693,2739
la barceloneta,barri,2012,11091,1846,2772
la barceloneta,barri,2013,10755,2009,2726
la barceloneta,barri,2014,10485,2074,2547
la barceloneta,barri,2015,10331,2178,2527
la barceloneta,barri,2016,10263,2290,2512
la barceloneta,barri,2017,9855,2526,2716
la barceloneta,barri,2018,9536,2576,2780
la barceloneta,barri,2019,9246,2868,3058
la barceloneta,barri,2020,8990,2893,3227
la barceloneta,barri,2021,8786,2759,3577
la barceloneta,barri,2022,8472,2598,3270
la barceloneta,barri,2023,8264,2619,3390
"sant pere, santa caterina i la ribera",barri,1997,18409,217,1216
"sant pere, santa caterina i la ribera",barri,1998,18401,289,1434
"sant pere, santa caterina i la ribera",barri,1999,17809,329,1628
"sant pere, santa caterina i la ribera",barri,2000,17224,382,1866
"sant pere, santa caterina i la ribera",barri,2001,16809,525,2670
"sant pere, santa caterina i la ribera",barri,2002,16546,776,3960
"sant pere, santa caterina i la ribera",barri,2003,16122,1064,5139
"sant pere, santa caterina i la ribera",barri,2004,15730,1332,5511
"sant pere, santa caterina i la ribera",barri,2005,15344,1629,5858
"sant pere, santa caterina i la ribera",barri,2006,15237,1964,6028
"sant pere, santa caterina i la ribera",barri,2007,14922,2497,4988
"sant pere, santa caterina i la ribera",barri,2008,14737,2925,4967
"sant pere, santa caterina i la ribera",barri,2009,14588,3220,5212
"sant pere, santa caterina i la ribera",barri,2010,14476,3333,4883
"sant pere, santa caterina i la ribera",barri,2011,14377,3093,4943
"sant pere, santa caterina i la ribera",barri,2012,14305,3428,5037
"sant pere, santa caterina i la ribera",barri,2013,13986,3811,4969
"sant pere, santa caterina i la ribera",barri,2014,13683,4008,4670
"sant pere, santa caterina i la ribera",barri,2015,13644,4146,4666
"sant pere, santa caterina i la ribera",barri,2016,13513,4260,4599
"sant pere, santa caterina i la ribera",barri,2017,13382,4493,5040
"sant pere, santa caterina i la ribera",barri,2018,12999,4463,5139
"sant pere, santa caterina i la ribera",barri,2019,12743,4990,5433
"sant pere, santa caterina i la ribera",barri,2020,12519,4985,5731
"sant pere, santa caterina i la ribera",barri,2021,12204,4454,6342
"sant pere, santa caterina i la ribera",barri,2022,12056,4498,5856
"sant pere, santa caterina i la ribera",barri,2023,11764,4284,5989
eixample,districte,1997,241143,1440,3455
eixample,districte,1998,241903,1676,4263
eixample,districte,1999,240687,1902,5120
eixample,districte,2000,238394,2129,6324
eixample,districte,2001,235379,2618,10581
eixample,districte,2002,236891,4036,16959
eixample,districte,2003,233072,5462,23183
eixample,districte,2004,228406,6779,26813
eixample,districte,2005,224735,8413,30426
eixample,districte,2006,223210,10110,32734
eixample,districte,2007,221058,13171,27853
eixample,districte,2008,220176,15510,29828
eixample,districte,2009,218774,17111,32466
eixample,districte,2010,217727,16813,31117
eixample,districte,2011,217218,15488,31526
eixample,districte,2012,217136,16098,32305
eixample,districte,2013,215636,17370,31905
eixample,districte,2014,214636,18140,30728
eixample,districte,2015,215617,18256,29624
eixample,districte,2016,215114,18909,30475
eixample,districte,2017,213127,20223,33851
eixample,districte,2018,210553,20838,35383
eixample,districte,2019,207597,23283,38231
eixample,districte,2020,204802,24566,41337
eixample,districte,2021,201077,23361,44851
eixample,districte,2022,198457,25029,43318
eixample,districte,2023,195917,25313,47534
el fort pienc,barri,1997,27577,160,397
el fort pienc,barri,1998,27623,183,460
el fort pienc,barri,1999,27610,200,551
el fort pienc,barri,2000,27468,222,660
el fort pienc,barri,2001,27263,267,1173
el fort pienc,barri,2002,27344,458,1924
el fort pienc,barri,2003,27059,622,2702
el fort pienc,barri,2004,26655,769,3101
el fort pienc,barri,2005,26309,972,3636
el fort pienc,barri,2006,26237,1161,4086
el fort pienc,barri,2007,26013,1534,3553
el fort pienc,barri,2008,25825,1910,4401
el fort pienc,barri,2009,25746,2123,5193
el fort pienc,barri,2010,25562,2059,5010
el fort pienc,barri,2011,25569,2014,4790
el fort pienc,barri,2012,25653,2149,4476
el fort pienc,barri,2013,25403,2289,4052
el fort pienc,barri,2014,25265,2385,3830
el fort pienc,barri,2015,25417,2340,3778
el fort pienc,barri,2016,25379,2453,3844
el fort pienc,barri,2017,25063,2699,4356
el fort pienc,barri,2018,24765,2771,4624
el fort pienc,barri,2019,24533,3093,5106
el fort pienc,barri,2020,24267,3298,5901
el fort pienc,barri,2021,23846,3231,6358
el fort pienc,barri,2022,23655,3404,6381
el fort pienc,barri,2023,23354,3445,7600
la sagrada familia,barri,1997,47764,169,540
la sagrada familia,barri,1998,48001,201,702
la sagrada familia,barri,1999,47866,229,918
la sagrada familia,barri,2000,47463,253,1188
la sagrada familia,barri,2001,46924,336,2283
la sagrada familia,barri,2002,47193,497,3809
la sagrada familia,barri,2003,46328,684,4968
la sagrada familia,barri,2004,45439,918,5653
la sagrada familia,barri,2005,44728,1146,6251
la sagrada familia,barri,2006,44445,1390,6676
la sagrada familia,barri,2007,44005,1930,5842
la sagrada familia,barri,2008,43922,2360,6268
la sagrada familia,barri,2009,43659,2579,6723
la sagrada familia,barri,2010,43356,2609,6190
la sagrada familia,barri,2011,43174,2434,6358
la sagrada familia,barri,2012,42898,2474,6712
la sagrada familia,barri,2013,42489,2591,6728
la sagrada familia,barri,2014,42261,2666,6336
la sagrada familia,barri,2015,42395,2761,5923
la sagrada familia,barri,2016,42192,2920,6234
la sagrada familia,barri,2017,41708,3141,6802
la sagrada familia,barri,2018,41116,3343,7197
la sagrada familia,barri,2019,40442,3734,7732
la sagrada familia,barri,2020,39901,4033,8303
la sagrada familia,barri,2021,39292,3939,8923
la sagrada familia,barri,2022,38684,4184,8522
la sagrada familia,barri,2023,38208,4323,9172
la dreta de l'eixample,barri,1997,38277,340,498
la dreta de l'eixample,barri,1998,38494,403,617
la dreta de l'eixample,barri,1999,38303,465,740
la dreta de l'eixample,barri,2000,38119,548,901
la dreta de l'eixample,barri,2001,37772,688,1355
la dreta de l'eixample,barri,2002,38208,1029,2083
la dreta de l'eixample,barri,2003,37786,1353,3085
la dreta de l'eixample,barri,2004,36808,1626,3685
la dreta de l'eixample,barri,2005,36137,1994,4275
la dreta de l'eixample,barri,2006,35871,2387,4598
la dreta de l'eixample,barri,2007,35497,2945,3810
la dreta de l'eixample,barri,2008,35446,3348,3916
la dreta de l'eixample,barri,2009,35456,3741,4193
la dreta de l'eixample,barri,2010,35393,3652,4005
la dreta de l'eixample,barri,2011,35451,3323,4070
la dreta de l'eixample,barri,2012,35526,3529,4212
la dreta de l'eixample,barri,2013,35242,3965,4180
la dreta de l'eixample,barri,2014,35044,4194,4095
la dreta de l'eixample,barri,2015,35155,4245,4151
la dreta de l'eixample,barri,2016,34998,4388,4289
la dreta de l'eixample,barri,2017,34710,4599,4899
la dreta de l'eixample,barri,2018,34108,4664,5064
la dreta de l'eixample,barri,2019,33531,5148,5496
la dreta de l'eixample,barri,2020,33034,5409,5842
la dreta de l'eixample,barri,2021,32116,5073,6889
la dreta de l'eixample,barri,2022,31611,5671,6866
la dreta de l'eixample,barri,2023,31090,5647,7359
l'antiga esquerra de l'eixample,barri,1997,38201,303,669
l'antiga esquerra de l'eixample,barri,1998,38389,339,854
l'antiga esquerra de l'eixample,barri,1999,38033,375,1002
l'antiga esquerra de l'eixample,barri,2000,37370,418,1173
l'antiga esquerra de l'eixample,barri,2001,36807,501,1819
l'antiga esquerra de l'eixample,barri,2002,37148,790,2798
l'antiga esquerra de l'eixample,barri,2003,36238,1077,3817
l'antiga esquerra de l'eixample,barri,2004,35535,1365,4263
l'antiga esquerra de l'eixample,barri,2005,34909,1626,4904
l'antiga esquerra de l'eixample,barri,2006,34601,1911,5215
l'antiga esquerra de l'eixample,barri,2007,34425,2417,4348
l'antiga esquerra de l'eixample,barri,2008,34087,2887,4581
l'antiga esquerra de l'eixample,barri,2009,33711,3180,5019
l'antiga esquerra de l'eixample,barri,2010,33757,3079,4853
l'antiga esquerra de l'eixample,barri,2011,33699,2777,4926
l'antiga esquerra de l'eixample,barri,2012,33733,2945,5033
l'antiga esquerra de l'eixample,barri,2013,33666,3191,4971
l'antiga esquerra de l'eixample,barri,2014,33678,3317,4724
l'antiga esquerra de l'eixample,barri,2015,33877,3270,4506
l'antiga esquerra de l'eixample,barri,2016,33857,3356,4674
l'antiga esquerra de l'eixample,barri,2017,33598,3516,5322
l'antiga esquerra de l'eixample,barri,2018,33258,3652,5613
l'antiga esquerra de l'eixample,barri,2019,32702,4099,6229
l'antiga esquerra de l'eixample,barri,2020,32133,4304,6695
l'antiga esquerra de l'eixample,barri,2021,31607,4128,7303
l'antiga esquerra de l'eixample,barri,2022,31079,4401,6877
l'antiga esquerra de l'eixample,barri,2023,30600,4463,7674
la nova esquerra de l'eixample,barri,1997,53972,309,859
la nova esquerra de l'eixample,barri,1998,53920,360,1001
la nova esquerra de l'eixample,barri,1999,53647,412,1144
la nova esquerra de l'eixample,barri,2000,53212,453,1432
la nova esquerra de l'eixample,barri,2001,52479,542,2395
la nova esquerra de l'eixample,barri,2002,52795,789,3800
la nova esquerra de l'eixample,barri,2003,51961,1058,5139
la nova esquerra de l'eixample,barri,2004,50990,1265,5981
la nova esquerra de l'eixample,barri,2005,50197,1595,6820
la nova esquerra de l'eixample,barri,2006,49965,1916,7326
la nova esquerra de l'eixample,barri,2007,49389,2441,6150
la nova esquerra de l'eixample,barri,2008,49156,2827,6347
la nova esquerra de l'eixample,barri,2009,48820,3015,6689
la nova esquerra de l'eixample,barri,2010,48544,3023,6439
la nova esquerra de l'eixample,barri,2011,48362,2762,6543
la nova esquerra de l'eixample,barri,2012,48345,2771,6754
la nova esquerra de l'eixample,barri,2013,48114,2965,6805
la nova esquerra de l'eixample,barri,2014,47852,3074,6694
la nova esquerra de l'eixample,barri,2015,48202,3041,6415
la nova esquerra de l'eixample,barri,2016,48140,3112,6439
la nova esquerra de l'eixample,barri,2017,47795,3400,7134
la nova esquerra de l'eixample,barri,2018,47407,3495,7351
la nova esquerra de l'eixample,barri,2019,46872,3953,7831
la nova esquerra de l'eixample,barri,2020,46259,4109,8268
la nova esquerra de l'eixample,barri,2021,45465,3840,8590
la nova esquerra de l'eixample,barri,2022,44984,4135,8186
la nova esquerra de l'eixample,barri,2023,44518,4156,8895
sant antoni,barri,1997,35352,159,492
sant antoni,barri,1998,35476,190,629
sant antoni,barri,1999,35228,221,765
sant antoni,barri,2000,34762,235,970
sant antoni,barri,2001,34134,284,1556
sant antoni,barri,2002,34203,473,2545
sant antoni,barri,2003,33700,668,3472
sant antoni,barri,2004,32979,836,4130
sant antoni,barri,2005,32455,1080,4540
sant antoni,barri,2006,32091,1345,4833
sant antoni,barri,2007,31729,1904,4150
sant antoni,barri,2008,31740,2178,4315
sant antoni,barri,2009,31382,2473,4649
sant antoni,barri,2010,31115,2391,4620
sant antoni,barri,2011,30963,2178,4839
sant antoni,barri,2012,30981,2230,5118
sant antoni,barri,2013,30722,2369,5169
sant antoni,barri,2014,30536,2504,5049
sant antoni,barri,2015,30571,2599,4851
sant antoni,barri,2016,30548,2680,4995
sant antoni,barri,2017,30253,2868,5338
sant antoni,barri,2018,29899,2913,5534
sant antoni,barri,2019,29517,3256,5837
sant antoni,barri,2020,29208,3413,6328
sant antoni,barri,2021,28751,3150,6788
sant antoni,barri,2022,28444,3234,6486
sant antoni,barri,2023,28147,3279,6834
sants-montjuic,districte,1997,162991,449,2167
sants-montjuic,districte,1998,163912,541,2839
sants-montjuic,districte,1999,162968,636,3402
sants-montjuic,districte,2000,161036,737,4315
sants-montjuic,districte,2001,158931,907,7546
sants-montjuic,districte,2002,158194,1257,12867
sants-montjuic,districte,2003,155429,1726,18629
sants-montjuic,districte,2004,152756,2256,21983
sants-montjuic,districte,2005,150362,2954,24888
sants-montjuic,districte,2006,149241,3613,27768
sants-montjuic,districte,2007,147952,5377,25028
sants-montjuic,districte,2008,146992,6710,27529
sants-montjuic,districte,2009,146530,7332,29633
sants-montjuic,districte,2010,146732,7552,28683
sants-montjuic,districte,2011,146579,7020,29117
sants-montjuic,districte,2012,146706,7386,29866
sants-montjuic,districte,2013,146048,7927,28752
sants-montjuic,districte,2014,145763,8166,26891
sants-montjuic,districte,2015,147358,8336,25101
sants-montjuic,districte,2016,147304,8532,25338
sants-montjuic,districte,2017,146486,9184,26697
sants-montjuic,districte,2018,145178,9646,27367
sants-montjuic,districte,2019,144184,10938,30339
sants-montjuic,districte,2020,142962,11635,33001
sants-montjuic,districte,2021,141388,11206,34415
sants-montjuic,districte,2022,139816,11453,32485
sants-montjuic,districte,2023,139221,11262,35444
el poble-sec,barri,1997,33022,106,650
el poble-sec,barri,1998,33169,143,907
el poble-sec,barri,1999,32906,177,1191
el poble-sec,barri,2000,32287,209,1499
el poble-sec,barri,2001,31597,271,2646
el poble-sec,barri,2002,31560,399,4567
el poble-sec,barri,2003,30897,531,6730
el poble-sec,barri,2004,30419,713,7656
el poble-sec,barri,2005,29828,1027,8533
el poble-sec,barri,2006,29708,1328,9277
el poble-sec,barri,2007,29486,1781,8179
el poble-sec,barri,2008,29256,2139,8934
el poble-sec,barri,2009,29061,2333,9283
el poble-sec,barri,2010,29069,2483,8834
el poble-sec,barri,2011,28887,2406,9243
el poble-sec,barri,2012,28791,2653,9807
el poble-sec,barri,2013,28429,2907,9663
el poble-sec,barri,2014,28226,3057,9000
el poble-sec,barri,2015,28502,3157,8561
el poble-sec,barri,2016,28364,3257,8507
el poble-sec,barri,2017,27994,3524,8865
el poble-sec,barri,2018,27371,3636,8786
el poble-sec,barri,2019,26961,4184,9284
el poble-sec,barri,2020,26347,4439,9399
el poble-sec,barri,2021,25993,4189,10019
el poble-sec,barri,2022,25612,4231,9296
el poble-sec,barri,2023,25344,4096,9332
la marina del prat vermell,barri,1997,1799,NA,8
la marina del prat vermell,barri,1998,1754,NA,7
la marina del prat vermell,barri,1999,1834,NA,15
la marina del prat vermell,barri,2000,1779,NA,22
la marina del prat vermell,barri,2001,1737,6,21
la marina del prat vermell,barri,2002,1621,5,42
la marina del prat vermell,barri,2003,1496,6,40
la marina del prat vermell,barri,2004,1397,6,53
la marina del prat vermell,barri,2005,1244,5,58
la marina del prat vermell,barri,2006,1176,NA,69
la marina del prat vermell,barri,2007,1132,5,68
la marina del prat vermell,barri,2008,1104,9,77
la marina del prat vermell,barri,2009,1069,5,81
la marina del prat vermell,barri,2010,1050,NA,82
la marina del prat vermell,barri,2011,1025,6,88
la marina del prat vermell,barri,2012,1057,5,88
la marina del prat vermell,barri,2013,1062,12,98
la marina del prat vermell,barri,2014,1027,16,100
la marina del prat vermell,barri,2015,1024,13,85
la marina del prat vermell,barri,2016,1059,8,79
la marina del prat vermell,barri,2017,1055,9,87
la marina del prat vermell,barri,2018,1055,11,95
la marina del prat vermell,barri,2019,1068,12,119
la marina del prat vermell,barri,2020,1060,13,154
la marina del prat vermell,barri,2021,1158,28,170
la marina del prat vermell,barri,2022,1298,41,178
la marina del prat vermell,barri,2023,1387,86,205
la marina de port,barri,1997,26816,47,221
la marina de port,barri,1998,27107,52,254
la marina de port,barri,1999,26959,60,309
la marina de port,barri,2000,26906,69,408
la marina de port,barri,2001,26845,86,693
la marina de port,barri,2002,26819,125,1148
la marina de port,barri,2003,26542,169,1814
la marina de port,barri,2004,26266,219,2322
la marina de port,barri,2005,26121,262,2837
la marina de port,barri,2006,25938,285,3355
la marina de port,barri,2007,25770,500,3155
la marina de port,barri,2008,25584,641,3486
la marina de port,barri,2009,25645,688,3800
la marina de port,barri,2010,25802,672,3632
la marina de port,barri,2011,25972,638,3626
la marina de port,barri,2012,26148,645,3651
la marina de port,barri,2013,26098,657,3521
la marina de port,barri,2014,26041,669,3340
la marina de port,barri,2015,26312,696,3228
la marina de port,barri,2016,26395,680,3321
la marina de port,barri,2017,26325,721,3574
la marina de port,barri,2018,26096,785,3869
la marina de port,barri,2019,25871,842,4374
la marina de port,barri,2020,25797,892,4661
la marina de port,barri,2021,25518,886,4687
la marina de port,barri,2022,25144,903,4379
la marina de port,barri,2023,24880,907,4649
la font de la guatlla,barri,1997,8887,37,114
la font de la guatlla,barri,1998,9104,36,137
la font de la guatlla,barri,1999,9174,39,165
la font de la guatlla,barri,2000,9083,40,226
la font de la guatlla,barri,2001,8983,53,364
la font de la guatlla,barri,2002,9025,80,621
la font de la guatlla,barri,2003,8909,119,840
la font de la guatlla,barri,2004,8739,160,1027
la font de la guatlla,barri,2005,8606,198,1309
la font de la guatlla,barri,2006,8462,224,1469
la font de la guatlla,barri,2007,8367,321,1441
la font de la guatlla,barri,2008,8308,430,1333
la font de la guatlla,barri,2009,8307,479,1430
la font de la guatlla,barri,2010,8380,502,1399
la font de la guatlla,barri,2011,8348,479,1387
la font de la guatlla,barri,2012,8378,505,1391
la font de la guatlla,barri,2013,8370,566,1375
la font de la guatlla,barri,2014,8404,600,1306
la font de la guatlla,barri,2015,8464,625,1282
la font de la guatlla,barri,2016,8414,614,1287
la font de la guatlla,barri,2017,8401,637,1383
la font de la guatlla,barri,2018,8320,640,1346
la font de la guatlla,barri,2019,8167,731,1474
la font de la guatlla,barri,2020,8112,714,1551
la font de la guatlla,barri,2021,7933,661,1645
la font de la guatlla,barri,2022,7904,682,1771
la font de la guatlla,barri,2023,7836,676,1980
hostafrancs,barri,1997,14324,55,273
hostafrancs,barri,1998,14389,66,348
hostafrancs,barri,1999,14226,77,358
hostafrancs,barri,2000,14037,88,411
hostafrancs,barri,2001,13689,104,670
hostafrancs,barri,2002,13454,148,1138
hostafrancs,barri,2003,13216,181,1809
hostafrancs,barri,2004,13111,248,2087
hostafrancs,barri,2005,12837,325,2309
hostafrancs,barri,2006,12868,384,2589
hostafrancs,barri,2007,12762,594,2251
hostafrancs,barri,2008,12709,759,2469
hostafrancs,barri,2009,12573,788,2651
hostafrancs,barri,2010,12577,767,2617
hostafrancs,barri,2011,12548,688,2618
hostafrancs,barri,2012,12434,729,2876
hostafrancs,barri,2013,12429,741,2808
hostafrancs,barri,2014,12332,825,2512
hostafrancs,barri,2015,12546,881,2331
hostafrancs,barri,2016,12593,915,2407
hostafrancs,barri,2017,12423,973,2553
hostafrancs,barri,2018,12253,1054,2661
hostafrancs,barri,2019,12135,1189,2829
hostafrancs,barri,2020,12005,1277,2916
hostafrancs,barri,2021,11796,1210,3090
hostafrancs,barri,2022,11615,1253,2990
hostafrancs,barri,2023,11595,1227,3143
la bordeta,barri,1997,17048,38,202
la bordeta,barri,1998,17280,39,249
la bordeta,barri,1999,17255,53,281
la bordeta,barri,2000,17287,61,325
la bordeta,barri,2001,17312,65,617
la bordeta,barri,2002,17350,84,987
la bordeta,barri,2003,17055,134,1355
la bordeta,barri,2004,16857,169,1731
la bordeta,barri,2005,16592,210,1864
la bordeta,barri,2006,16321,262,2126
la bordeta,barri,2007,16278,396,1974
la bordeta,barri,2008,16162,470,2088
la bordeta,barri,2009,16153,498,2187
la bordeta,barri,2010,16055,514,2076
la bordeta,barri,2011,15942,448,2101
la bordeta,barri,2012,15991,440,2173
la bordeta,barri,2013,15997,511,2072
la bordeta,barri,2014,15956,505,1934
la bordeta,barri,2015,16162,499,1718
la bordeta,barri,2016,16211,517,1788
la bordeta,barri,2017,16121,542,1896
la bordeta,barri,2018,16305,592,1933
la bordeta,barri,2019,16507,679,2255
la bordeta,barri,2020,16478,731,2357
la bordeta,barri,2021,16317,745,2388
la bordeta,barri,2022,16271,758,2196
la bordeta,barri,2023,16219,812,2691
sants-badal,barri,1997,23334,55,265
sants-badal,barri,1998,23385,66,349
sants-badal,barri,1999,23239,81,418
sants-badal,barri,2000,22790,84,569
sants-badal,barri,2001,22325,104,1043
sants-badal,barri,2002,22214,135,1743
sants-badal,barri,2003,21758,191,2382
sants-badal,barri,2004,21258,242,2798
sants-badal,barri,2005,20892,305,3049
sants-badal,barri,2006,20757,372,3399
sants-badal,barri,2007,20435,624,3053
sants-badal,barri,2008,20271,738,3249
sants-badal,barri,2009,20099,806,3360
sants-badal,barri,2010,20168,806,3372
sants-badal,barri,2011,20140,707,3491
sants-badal,barri,2012,20096,747,3746
sants-badal,barri,2013,20015,770,3568
sants-badal,barri,2014,19979,759,3384
sants-badal,barri,2015,20180,732,3100
sants-badal,barri,2016,20040,764,3128
sants-badal,barri,2017,19928,818,3299
sants-badal,barri,2018,19787,864,3365
sants-badal,barri,2019,19806,963,3703
sants-badal,barri,2020,19714,1060,4161
sants-badal,barri,2021,19615,1022,4263
sants-badal,barri,2022,19191,1021,3994
sants-badal,barri,2023,19081,948,4336
sants,barri,1997,37761,109,434
sants,barri,1998,37724,137,588
sants,barri,1999,37375,146,665
sants,barri,2000,36867,182,855
sants,barri,2001,36443,218,1492
sants,barri,2002,36151,281,2621
sants,barri,2003,35556,395,3659
sants,barri,2004,34709,499,4309
sants,barri,2005,34242,622,4929
sants,barri,2006,34011,755,5484
sants,barri,2007,33722,1156,4907
sants,barri,2008,33598,1524,5893
sants,barri,2009,33623,1735,6841
sants,barri,2010,33631,1805,6671
sants,barri,2011,33717,1648,6563
sants,barri,2012,33811,1662,6134
sants,barri,2013,33648,1763,5647
sants,barri,2014,33798,1735,5315
sants,barri,2015,34168,1733,4796
sants,barri,2016,34228,1777,4821
sants,barri,2017,34239,1960,5040
sants,barri,2018,33991,2064,5312
sants,barri,2019,33669,2338,6301
sants,barri,2020,33449,2509,7802
sants,barri,2021,33058,2465,8153
sants,barri,2022,32781,2564,7681
sants,barri,2023,32879,2510,9108
les corts,districte,1997,79597,718,916
les corts,districte,1998,80431,800,1118
les corts,districte,1999,80122,885,1264
les corts,districte,2000,79918,978,1533
les corts,districte,2001,78990,1064,2198
les corts,districte,2002,78440,1378,3164
les corts,districte,2003,77196,1688,4519
les corts,districte,2004,75782,1922,5265
les corts,districte,2005,74519,2203,5999
les corts,districte,2006,73629,2395,6618
les corts,districte,2007,72946,2926,5486
les corts,districte,2008,72639,3263,6329
les corts,districte,2009,72235,3552,7386
les corts,districte,2010,72169,3367,7200
les corts,districte,2011,72059,3067,7201
les corts,districte,2012,72154,3200,6998
les corts,districte,2013,71966,3283,6453
les corts,districte,2014,71862,3232,6093
les corts,districte,2015,72539,3131,5849
les corts,districte,2016,72580,3180,5940
les corts,districte,2017,72274,3309,6606
les corts,districte,2018,71835,3399,6935
les corts,districte,2019,71353,3645,7582
les corts,districte,2020,70659,3816,8147
les corts,districte,2021,69499,3526,8538
les corts,districte,2022,69119,3706,8243
les corts,districte,2023,68582,3912,9643
les corts,barri,1997,45113,311,451
les corts,barri,1998,45678,346,561
les corts,barri,1999,45569,404,627
les corts,barri,2000,45375,437,746
les corts,barri,2001,44863,479,1113
les corts,barri,2002,44539,597,1582
les corts,barri,2003,43719,733,2332
les corts,barri,2004,42853,857,2761
les corts,barri,2005,42195,998,3208
les corts,barri,2006,42005,1092,3591
les corts,barri,2007,41656,1381,2920
les corts,barri,2008,41639,1603,3680
les corts,barri,2009,41347,1775,4491
les corts,barri,2010,41232,1650,4432
les corts,barri,2011,41184,1546,4365
les corts,barri,2012,41186,1605,4026
les corts,barri,2013,41057,1621,3541
les corts,barri,2014,40986,1639,3360
les corts,barri,2015,41256,1562,3177
les corts,barri,2016,41192,1588,3190
les corts,barri,2017,41000,1620,3477
les corts,barri,2018,40780,1715,3649
les corts,barri,2019,40607,1847,4136
les corts,barri,2020,40268,1916,4536
les corts,barri,2021,39474,1839,4619
les corts,barri,2022,39313,1926,4416
les corts,barri,2023,38799,2050,5106
la maternitat i sant ramon,barri,1997,24089,131,234
la maternitat i sant ramon,barri,1998,24157,149,275
la maternitat i sant ramon,barri,1999,24028,160,322
la maternitat i sant ramon,barri,2000,24004,175,406
la maternitat i sant ramon,barri,2001,23712,182,628
la maternitat i sant ramon,barri,2002,23410,251,1007
la maternitat i sant ramon,barri,2003,23138,349,1437
la maternitat i sant ramon,barri,2004,22740,405,1648
la maternitat i sant ramon,barri,2005,22249,446,1870
la maternitat i sant ramon,barri,2006,21764,496,2014
la maternitat i sant ramon,barri,2007,21517,663,1728
la maternitat i sant ramon,barri,2008,21287,704,1792
la maternitat i sant ramon,barri,2009,21183,763,1986
la maternitat i sant ramon,barri,2010,21138,738,1884
la maternitat i sant ramon,barri,2011,21067,637,1901
la maternitat i sant ramon,barri,2012,21111,647,2028
la maternitat i sant ramon,barri,2013,21019,661,1992
la maternitat i sant ramon,barri,2014,21033,642,1877
la maternitat i sant ramon,barri,2015,21318,668,1824
la maternitat i sant ramon,barri,2016,21375,663,1830
la maternitat i sant ramon,barri,2017,21275,702,2003
la maternitat i sant ramon,barri,2018,21147,748,2088
la maternitat i sant ramon,barri,2019,20934,832,2225
la maternitat i sant ramon,barri,2020,20689,911,2366
la maternitat i sant ramon,barri,2021,20418,840,2565
la maternitat i sant ramon,barri,2022,20171,919,2593
la maternitat i sant ramon,barri,2023,20060,977,3015
pedralbes,barri,1997,10395,276,231
pedralbes,barri,1998,10596,305,282
pedralbes,barri,1999,10525,321,315
pedralbes,barri,2000,10539,366,381
pedralbes,barri,2001,10415,403,457
pedralbes,barri,2002,10491,530,575
pedralbes,barri,2003,10339,606,750
pedralbes,barri,2004,10189,660,856
pedralbes,barri,2005,10075,759,921
pedralbes,barri,2006,9860,807,1013
pedralbes,barri,2007,9773,882,838
pedralbes,barri,2008,9713,956,857
pedralbes,barri,2009,9705,1014,909
pedralbes,barri,2010,9799,979,884
pedralbes,barri,2011,9808,884,935
pedralbes,barri,2012,9857,948,944
pedralbes,barri,2013,9890,1001,920
pedralbes,barri,2014,9843,951,856
pedralbes,barri,2015,9965,901,848
pedralbes,barri,2016,10013,929,920
pedralbes,barri,2017,9999,987,1126
pedralbes,barri,2018,9908,936,1198
pedralbes,barri,2019,9812,966,1221
pedralbes,barri,2020,9702,989,1245
pedralbes,barri,2021,9607,847,1354
pedralbes,barri,2022,9635,861,1234
pedralbes,barri,2023,9723,885,1522
sarria-sant gervasi,districte,1997,124985,1865,1668
sarria-sant gervasi,districte,1998,126836,2068,1862
sarria-sant gervasi,districte,1999,127245,2207,2107
sarria-sant gervasi,districte,2000,127465,2307,2459
sarria-sant gervasi,districte,2001,127178,2562,3321
sarria-sant gervasi,districte,2002,129373,3298,5012
sarria-sant gervasi,districte,2003,128330,3895,7102
sarria-sant gervasi,districte,2004,126831,4492,8397
sarria-sant gervasi,districte,2005,126303,5099,9545
sarria-sant gervasi,districte,2006,125714,5617,10203
sarria-sant gervasi,districte,2007,125857,6660,8320
sarria-sant gervasi,districte,2008,125875,7350,9185
sarria-sant gervasi,districte,2009,125971,7703,10731
sarria-sant gervasi,districte,2010,126990,7397,10082
sarria-sant gervasi,districte,2011,127720,6707,9915
sarria-sant gervasi,districte,2012,128640,6921,9691
sarria-sant gervasi,districte,2013,128949,7335,9204
sarria-sant gervasi,districte,2014,129091,7563,9099
sarria-sant gervasi,districte,2015,130405,7504,8921
sarria-sant gervasi,districte,2016,131487,7699,8962
sarria-sant gervasi,districte,2017,131538,8181,9986
sarria-sant gervasi,districte,2018,131233,8339,10241
sarria-sant gervasi,districte,2019,130245,9189,10994
sarria-sant gervasi,districte,2020,129705,9517,11923
sarria-sant gervasi,districte,2021,127469,8765,12955
sarria-sant gervasi,districte,2022,126282,9338,12570
sarria-sant gervasi,districte,2023,125253,9792,14730
"vallvidrera, el tibidabo i les planes",barri,1997,2927,72,34
"vallvidrera, el tibidabo i les planes",barri,1998,3057,72,42
"vallvidrera, el tibidabo i les planes",barri,1999,2985,90,42
"vallvidrera, el tibidabo i les planes",barri,2000,3053,96,50
"vallvidrera, el tibidabo i les planes",barri,2001,3070,111,63
"vallvidrera, el tibidabo i les planes",barri,2002,3207,133,85
"vallvidrera, el tibidabo i les planes",barri,2003,3277,142,143
"vallvidrera, el tibidabo i les planes",barri,2004,3314,177,180
"vallvidrera, el tibidabo i les planes",barri,2005,3358,191,190
"vallvidrera, el tibidabo i les planes",barri,2006,3434,221,223
"vallvidrera, el tibidabo i les planes",barri,2007,3520,263,157
"vallvidrera, el tibidabo i les planes",barri,2008,3620,292,170
"vallvidrera, el tibidabo i les planes",barri,2009,3800,297,190
"vallvidrera, el tibidabo i les planes",barri,2010,3801,276,188
"vallvidrera, el tibidabo i les planes",barri,2011,3847,262,179
"vallvidrera, el tibidabo i les planes",barri,2012,3896,298,213
"vallvidrera, el tibidabo i les planes",barri,2013,3900,331,212
"vallvidrera, el tibidabo i les planes",barri,2014,3921,370,225
"vallvidrera, el tibidabo i les planes",barri,2015,3996,391,217
"vallvidrera, el tibidabo i les planes",barri,2016,4024,401,216
"vallvidrera, el tibidabo i les planes",barri,2017,4020,421,248
"vallvidrera, el tibidabo i les planes",barri,2018,4025,455,230
"vallvidrera, el tibidabo i les planes",barri,2019,3981,495,251
"vallvidrera, el tibidabo i les planes",barri,2020,3976,470,264
"vallvidrera, el tibidabo i les planes",barri,2021,4015,428,317
"vallvidrera, el tibidabo i les planes",barri,2022,4034,451,320
"vallvidrera, el tibidabo i les planes",barri,2023,4028,438,365
sarria,barri,1997,20015,320,224
sarria,barri,1998,20454,384,276
sarria,barri,1999,20611,445,360
sarria,barri,2000,20612,476,467
sarria,barri,2001,20494,541,591
sarria,barri,2002,20828,659,897
sarria,barri,2003,20832,775,1223
sarria,barri,2004,20695,920,1439
sarria,barri,2005,20715,1024,1633
sarria,barri,2006,20546,1081,1698
sarria,barri,2007,20504,1278,1333
sarria,barri,2008,20607,1414,1347
sarria,barri,2009,20686,1512,1414
sarria,barri,2010,20969,1466,1323
sarria,barri,2011,21225,1367,1323
sarria,barri,2012,21419,1476,1381
sarria,barri,2013,21498,1620,1384
sarria,barri,2014,21567,1638,1322
sarria,barri,2015,21767,1609,1260
sarria,barri,2016,21873,1639,1291
sarria,barri,2017,21925,1694,1477
sarria,barri,2018,21770,1732,1605
sarria,barri,2019,21520,1882,1728
sarria,barri,2020,21515,1941,1783
sarria,barri,2021,21002,1737,2027
sarria,barri,2022,20904,1822,1901
sarria,barri,2023,20818,1837,2196
les tres torres,barri,1997,12826,231,149
les tres torres,barri,1998,13082,260,163
les tres torres,barri,1999,13262,267,183
les tres torres,barri,2000,13308,284,193
les tres torres,barri,2001,13488,325,296
les tres torres,barri,2002,13987,440,458
les tres torres,barri,2003,14032,504,634
les tres torres,barri,2004,13941,526,734
les tres torres,barri,2005,13911,570,860
les tres torres,barri,2006,13767,607,926
les tres torres,barri,2007,13848,692,730
les tres torres,barri,2008,13884,746,719
les tres torres,barri,2009,13940,739,866
les tres torres,barri,2010,14222,681,826
les tres torres,barri,2011,14287,593,866
les tres torres,barri,2012,14436,586,899
les tres torres,barri,2013,14508,592,934
les tres torres,barri,2014,14562,606,997
les tres torres,barri,2015,14810,623,1068
les tres torres,barri,2016,15053,600,831
les tres torres,barri,2017,15121,654,922
les tres torres,barri,2018,15120,655,938
les tres torres,barri,2019,14986,723,986
les tres torres,barri,2020,14886,726,1032
les tres torres,barri,2021,14559,677,1120
les tres torres,barri,2022,14326,692,1088
les tres torres,barri,2023,14247,755,1272
sant gervasi-la bonanova,barri,1997,21184,318,234
sant gervasi-la bonanova,barri,1998,21564,346,231
sant gervasi-la bonanova,barri,1999,21657,364,253
sant gervasi-la bonanova,barri,2000,21802,386,308
sant gervasi-la bonanova,barri,2001,21779,400,447
sant gervasi-la bonanova,barri,2002,22085,485,685
sant gervasi-la bonanova,barri,2003,21896,548,1025
sant gervasi-la bonanova,barri,2004,21760,613,1164
sant gervasi-la bonanova,barri,2005,21704,687,1337
sant gervasi-la bonanova,barri,2006,21521,725,1441
sant gervasi-la bonanova,barri,2007,21554,874,1174
sant gervasi-la bonanova,barri,2008,21573,1019,1802
sant gervasi-la bonanova,barri,2009,21561,1118,2603
sant gervasi-la bonanova,barri,2010,22043,1106,2555
sant gervasi-la bonanova,barri,2011,22197,1045,2397
sant gervasi-la bonanova,barri,2012,22419,1045,1961
sant gervasi-la bonanova,barri,2013,22465,1105,1559
sant gervasi-la bonanova,barri,2014,22588,1108,1576
sant gervasi-la bonanova,barri,2015,22794,1027,1541
sant gervasi-la bonanova,barri,2016,23026,1048,1682
sant gervasi-la bonanova,barri,2017,22907,1135,1862
sant gervasi-la bonanova,barri,2018,22931,1108,1850
sant gervasi-la bonanova,barri,2019,22802,1294,2012
sant gervasi-la bonanova,barri,2020,22637,1339,2269
sant gervasi-la bonanova,barri,2021,22284,1283,2417
sant gervasi-la bonanova,barri,2022,22077,1345,2270
sant gervasi-la bonanova,barri,2023,21933,1465,2734
sant gervasi-galvany,barri,1997,42318,600,675
sant gervasi-galvany,barri,1998,42503,650,765
sant gervasi-galvany,barri,1999,42607,668,810
sant gervasi-galvany,barri,2000,42617,686,898
sant gervasi-galvany,barri,2001,42508,757,1151
sant gervasi-galvany,barri,2002,43009,993,1762
sant gervasi-galvany,barri,2003,42365,1196,2421
sant gervasi-galvany,barri,2004,41514,1396,2894
sant gervasi-galvany,barri,2005,41241,1629,3261
sant gervasi-galvany,barri,2006,41252,1797,3425
sant gervasi-galvany,barri,2007,41363,2121,2777
sant gervasi-galvany,barri,2008,41268,2293,2918
sant gervasi-galvany,barri,2009,41158,2355,3304
sant gervasi-galvany,barri,2010,41037,2236,3011
sant gervasi-galvany,barri,2011,41157,1946,3022
sant gervasi-galvany,barri,2012,41330,1982,3045
sant gervasi-galvany,barri,2013,41461,2072,3001
sant gervasi-galvany,barri,2014,41313,2202,2935
sant gervasi-galvany,barri,2015,41597,2220,2893
sant gervasi-galvany,barri,2016,41862,2325,2963
sant gervasi-galvany,barri,2017,41884,2545,3380
sant gervasi-galvany,barri,2018,41785,2585,3438
sant gervasi-galvany,barri,2019,41528,2793,3665
sant gervasi-galvany,barri,2020,41219,2872,3880
sant gervasi-galvany,barri,2021,40478,2690,4173
sant gervasi-galvany,barri,2022,40045,2990,4143
sant gervasi-galvany,barri,2023,39587,3216,4861
el putxet i el farro,barri,1997,25715,324,352
el putxet i el farro,barri,1998,26176,356,385
el putxet i el farro,barri,1999,26123,373,459
el putxet i el farro,barri,2000,26073,379,543
el putxet i el farro,barri,2001,25839,428,773
el putxet i el farro,barri,2002,26257,588,1125
el putxet i el farro,barri,2003,25928,730,1656
el putxet i el farro,barri,2004,25607,860,1986
el putxet i el farro,barri,2005,25374,998,2264
el putxet i el farro,barri,2006,25194,1186,2490
el putxet i el farro,barri,2007,25068,1432,2149
el putxet i el farro,barri,2008,24923,1586,2229
el putxet i el farro,barri,2009,24826,1682,2354
el putxet i el farro,barri,2010,24918,1632,2179
el putxet i el farro,barri,2011,25007,1494,2128
el putxet i el farro,barri,2012,25140,1534,2192
el putxet i el farro,barri,2013,25117,1615,2114
el putxet i el farro,barri,2014,25140,1639,2044
el putxet i el farro,barri,2015,25441,1634,1942
el putxet i el farro,barri,2016,25649,1686,1979
el putxet i el farro,barri,2017,25681,1732,2097
el putxet i el farro,barri,2018,25602,1804,2180
el putxet i el farro,barri,2019,25428,2002,2352
el putxet i el farro,barri,2020,25472,2169,2695
el putxet i el farro,barri,2021,25131,1950,2901
el putxet i el farro,barri,2022,24896,2038,2848
el putxet i el farro,barri,2023,24640,2081,3302
gracia,districte,1997,112432,787,1184
gracia,districte,1998,112904,894,1446
gracia,districte,1999,112274,999,1722
gracia,districte,2000,110836,1081,2154
gracia,districte,2001,109368,1256,3503
gracia,districte,2002,110023,1883,5918
gracia,districte,2003,108369,2403,8329
gracia,districte,2004,106835,3110,9845
gracia,districte,2005,105311,3901,11086
gracia,districte,2006,104763,4624,11950
gracia,districte,2007,103857,5922,10182
gracia,districte,2008,103509,7095,11295
gracia,districte,2009,103127,7748,12915
gracia,districte,2010,102697,7834,12440
gracia,districte,2011,102391,7108,11972
gracia,districte,2012,102543,7548,11726
gracia,districte,2013,102051,7899,11031
gracia,districte,2014,101739,8127,10392
gracia,districte,2015,102348,8270,9802
gracia,districte,2016,102495,8487,10073
gracia,districte,2017,101837,8916,10985
gracia,districte,2018,101124,9089,11544
gracia,districte,2019,100338,10271,12428
gracia,districte,2020,99416,10922,13488
gracia,districte,2021,97931,10277,15045
gracia,districte,2022,96320,10846,14725
gracia,districte,2023,95411,10953,16535
vallcarca i els penitents,barri,1997,14015,149,124
vallcarca i els penitents,barri,1998,14067,155,144
vallcarca i els penitents,barri,1999,13897,160,184
vallcarca i els penitents,barri,2000,13749,170,236
vallcarca i els penitents,barri,2001,13755,188,441
vallcarca i els penitents,barri,2002,13976,258,826
vallcarca i els penitents,barri,2003,13724,311,1129
vallcarca i els penitents,barri,2004,13652,399,1324
vallcarca i els penitents,barri,2005,13485,470,1532
vallcarca i els penitents,barri,2006,13516,555,1590
vallcarca i els penitents,barri,2007,13410,670,1335
vallcarca i els penitents,barri,2008,13372,754,1337
vallcarca i els penitents,barri,2009,13416,813,1465
vallcarca i els penitents,barri,2010,13404,776,1301
vallcarca i els penitents,barri,2011,13432,716,1297
vallcarca i els penitents,barri,2012,13509,747,1261
vallcarca i els penitents,barri,2013,13511,760,1223
vallcarca i els penitents,barri,2014,13477,766,1197
vallcarca i els penitents,barri,2015,13602,809,1107
vallcarca i els penitents,barri,2016,13653,820,1154
vallcarca i els penitents,barri,2017,13701,860,1260
vallcarca i els penitents,barri,2018,13728,893,1363
vallcarca i els penitents,barri,2019,13671,983,1454
vallcarca i els penitents,barri,2020,13668,1082,1595
vallcarca i els penitents,barri,2021,13537,1028,1760
vallcarca i els penitents,barri,2022,13358,1056,1667
vallcarca i els penitents,barri,2023,13372,1059,1898
el coll,barri,1997,6557,49,52
el coll,barri,1998,6560,49,64
el coll,barri,1999,6570,52,69
el coll,barri,2000,6511,57,98
el coll,barri,2001,6459,61,157
el coll,barri,2002,6487,76,288
el coll,barri,2003,6438,115,463
el coll,barri,2004,6443,136,562
el coll,barri,2005,6353,169,615
el coll,barri,2006,6298,193,710
el coll,barri,2007,6275,251,574
el coll,barri,2008,6342,287,670
el coll,barri,2009,6256,330,706
el coll,barri,2010,6221,378,628
el coll,barri,2011,6221,362,705
el coll,barri,2012,6197,351,742
el coll,barri,2013,6149,352,726
el coll,barri,2014,6167,362,672
el coll,barri,2015,6321,404,626
el coll,barri,2016,6373,397,621
el coll,barri,2017,6363,402,663
el coll,barri,2018,6353,386,721
el coll,barri,2019,6303,450,765
el coll,barri,2020,6235,465,917
el coll,barri,2021,6214,443,1031
el coll,barri,2022,6162,458,991
el coll,barri,2023,6179,431,1130
la salut,barri,1997,12643,97,118
la salut,barri,1998,12720,110,126
la salut,barri,1999,12824,113,155
la salut,barri,2000,12706,115,202
la salut,barri,2001,12519,140,319
la salut,barri,2002,12443,182,501
la salut,barri,2003,12251,216,710
la salut,barri,2004,12035,288,856
la salut,barri,2005,11888,347,959
la salut,barri,2006,11821,394,936
la salut,barri,2007,11673,529,791
la salut,barri,2008,11679,601,894
la salut,barri,2009,11661,633,951
la salut,barri,2010,11724,637,965
la salut,barri,2011,11557,598,991
la salut,barri,2012,11554,622,1009
la salut,barri,2013,11585,682,930
la salut,barri,2014,11596,688,873
la salut,barri,2015,11613,729,878
la salut,barri,2016,11546,676,899
la salut,barri,2017,11518,697,988
la salut,barri,2018,11441,742,1074
la salut,barri,2019,11393,852,1184
la salut,barri,2020,11309,891,1275
la salut,barri,2021,11189,837,1426
la salut,barri,2022,11162,843,1329
la salut,barri,2023,11072,915,1501
la vila de gracia,barri,1997,45991,334,620
la vila de gracia,barri,1998,46040,410,776
la vila de gracia,barri,1999,45641,460,882
la vila de gracia,barri,2000,44958,503,1058
la vila de gracia,barri,2001,44165,607,1621
la vila de gracia,barri,2002,44579,987,2738
la vila de gracia,barri,2003,43890,1248,3801
la vila de gracia,barri,2004,43076,1630,4515
la vila de gracia,barri,2005,42515,2123,5101
la vila de gracia,barri,2006,42153,2518,5517
la vila de gracia,barri,2007,41931,3195,4793
la vila de gracia,barri,2008,41741,3906,5622
la vila de gracia,barri,2009,41579,4300,6747
la vila de gracia,barri,2010,41251,4434,6623
la vila de gracia,barri,2011,41186,3934,6060
la vila de gracia,barri,2012,41282,4176,5637
la vila de gracia,barri,2013,40937,4409,5278
la vila de gracia,barri,2014,40864,4626,4935
la vila de gracia,barri,2015,40998,4683,4746
la vila de gracia,barri,2016,40982,4801,4871
la vila de gracia,barri,2017,40481,5063,5324
la vila de gracia,barri,2018,39922,5079,5404
la vila de gracia,barri,2019,39452,5673,5662
la vila de gracia,barri,2020,38891,5996,6022
la vila de gracia,barri,2021,38104,5576,6760
la vila de gracia,barri,2022,37324,5870,6646
la vila de gracia,barri,2023,36891,5808,7335
el camp d'en grassot i gracia nova,barri,1997,33226,158,270
el camp d'en grassot i gracia nova,barri,1998,33517,170,336
el camp d'en grassot i gracia nova,barri,1999,33342,214,432
el camp d'en grassot i gracia nova,barri,2000,32912,236,560
el camp d'en grassot i gracia nova,barri,2001,32470,260,965
el camp d'en grassot i gracia nova,barri,2002,32538,380,1565
el camp d'en grassot i gracia nova,barri,2003,32066,513,2226
el camp d'en grassot i gracia nova,barri,2004,31629,657,2588
el camp d'en grassot i gracia nova,barri,2005,31070,792,2879
el camp d'en grassot i gracia nova,barri,2006,30975,964,3197
el camp d'en grassot i gracia nova,barri,2007,30568,1277,2689
el camp d'en grassot i gracia nova,barri,2008,30375,1547,2772
el camp d'en grassot i gracia nova,barri,2009,30215,1672,3046
el camp d'en grassot i gracia nova,barri,2010,30097,1609,2923
el camp d'en grassot i gracia nova,barri,2011,29995,1498,2919
el camp d'en grassot i gracia nova,barri,2012,30001,1652,3077
el camp d'en grassot i gracia nova,barri,2013,29869,1696,2874
el camp d'en grassot i gracia nova,barri,2014,29635,1685,2715
el camp d'en grassot i gracia nova,barri,2015,29814,1645,2445
el camp d'en grassot i gracia nova,barri,2016,29941,1793,2528
el camp d'en grassot i gracia nova,barri,2017,29774,1894,2750
el camp d'en grassot i gracia nova,barri,2018,29680,1989,2982
el camp d'en grassot i gracia nova,barri,2019,29519,2313,3363
el camp d'en grassot i gracia nova,barri,2020,29313,2488,3679
el camp d'en grassot i gracia nova,barri,2021,28887,2393,4068
el camp d'en grassot i gracia nova,barri,2022,28314,2619,4092
el camp d'en grassot i gracia nova,barri,2023,27897,2740,4671
horta-guinardo,districte,1997,166711,446,1117
horta-guinardo,districte,1998,166931,466,1413
horta-guinardo,districte,1999,165377,512,1734
horta-guinardo,districte,2000,163358,578,2141
horta-guinardo,districte,2001,161216,687,4156
horta-guinardo,districte,2002,160900,975,7408
horta-guinardo,districte,2003,158194,1228,10637
horta-guinardo,districte,2004,155359,1579,12644
horta-guinardo,districte,2005,152987,2061,14433
horta-guinardo,districte,2006,150913,2395,16029
horta-guinardo,districte,2007,149229,3525,14976
horta-guinardo,districte,2008,148196,4255,17214
horta-guinardo,districte,2009,147730,4744,18874
horta-guinardo,districte,2010,147703,4810,18237
horta-guinardo,districte,2011,147269,4479,18012
horta-guinardo,districte,2012,146918,4581,17479
horta-guinardo,districte,2013,146139,4821,16833
horta-guinardo,districte,2014,146217,4876,15822
horta-guinardo,districte,2015,147318,4916,14288
horta-guinardo,districte,2016,147814,5040,14529
horta-guinardo,districte,2017,147755,5333,15884
horta-guinardo,districte,2018,147206,5776,17064
horta-guinardo,districte,2019,146423,6498,19333
horta-guinardo,districte,2020,145647,7053,21889
horta-guinardo,districte,2021,143951,6884,23098
horta-guinardo,districte,2022,142853,7064,22179
horta-guinardo,districte,2023,142699,7070,25769
el baix guinardo,barri,1997,24711,88,228
el baix guinardo,barri,1998,24701,89,315
el baix guinardo,barri,1999,24509,96,373
el baix guinardo,barri,2000,24143,115,498
el baix guinardo,barri,2001,23825,139,874
el baix guinardo,barri,2002,23811,194,1433
el baix guinardo,barri,2003,23365,255,1872
el baix guinardo,barri,2004,22929,335,2212
el baix guinardo,barri,2005,22625,468,2384
el baix guinardo,barri,2006,22620,528,2703
el baix guinardo,barri,2007,22542,756,2439
el baix guinardo,barri,2008,22436,869,2690
el baix guinardo,barri,2009,22312,957,2840
el baix guinardo,barri,2010,22332,950,2734
el baix guinardo,barri,2011,22358,875,2766
el baix guinardo,barri,2012,22325,886,2694
el baix guinardo,barri,2013,22123,907,2616
el baix guinardo,barri,2014,22162,962,2410
el baix guinardo,barri,2015,22226,1032,2214
el baix guinardo,barri,2016,22246,1065,2251
el baix guinardo,barri,2017,22249,1115,2369
el baix guinardo,barri,2018,22101,1200,2490
el baix guinardo,barri,2019,22023,1312,2652
el baix guinardo,barri,2020,21925,1377,2876
el baix guinardo,barri,2021,21386,1362,3091
el baix guinardo,barri,2022,21018,1494,3075
el baix guinardo,barri,2023,20851,1509,3357
can baro,barri,1997,8767,29,72
can baro,barri,1998,8951,29,88
can baro,barri,1999,8829,33,91
can baro,barri,2000,8703,40,115
can baro,barri,2001,8593,53,202
can baro,barri,2002,8639,68,337
can baro,barri,2003,8466,78,526
can baro,barri,2004,8271,103,588
can baro,barri,2005,8113,145,718
can baro,barri,2006,8040,170,731
can baro,barri,2007,7988,243,700
can baro,barri,2008,7956,275,844
can baro,barri,2009,7917,322,921
can baro,barri,2010,7867,364,893
can baro,barri,2011,7783,309,833
can baro,barri,2012,7762,346,894
can baro,barri,2013,7707,360,906
can baro,barri,2014,7664,372,823
can baro,barri,2015,7667,365,790
can baro,barri,2016,7806,382,779
can baro,barri,2017,7751,421,846
can baro,barri,2018,7760,436,873
can baro,barri,2019,7719,501,1025
can baro,barri,2020,7661,563,1105
can baro,barri,2021,7605,555,1159
can baro,barri,2022,7566,563,1141
can baro,barri,2023,7526,535,1359
el guinardo,barri,1997,34152,127,272
el guinardo,barri,1998,34103,136,344
el guinardo,barri,1999,33832,148,459
el guinardo,barri,2000,33360,160,527
el guinardo,barri,2001,33091,193,996
el guinardo,barri,2002,33047,268,1698
el guinardo,barri,2003,32494,349,2449
el guinardo,barri,2004,31933,433,2836
el guinardo,barri,2005,31610,546,3183
el guinardo,barri,2006,31090,622,3649
el guinardo,barri,2007,30703,856,3480
el guinardo,barri,2008,30387,996,3780
el guinardo,barri,2009,30364,1112,4138
el guinardo,barri,2010,30466,1163,4038
el guinardo,barri,2011,30564,1070,4057
el guinardo,barri,2012,30525,1109,4019
el guinardo,barri,2013,30448,1193,4068
el guinardo,barri,2014,30593,1176,3768
el guinardo,barri,2015,31167,1200,3416
el guinardo,barri,2016,31437,1270,3468
el guinardo,barri,2017,31477,1364,3695
el guinardo,barri,2018,31459,1531,3899
el guinardo,barri,2019,31216,1746,4252
el guinardo,barri,2020,31110,1875,4597
el guinardo,barri,2021,30730,1800,4791
el guinardo,barri,2022,30520,1853,4617
el guinardo,barri,2023,30475,1872,5224
la font d'en fargues,barri,1997,9761,34,15
la font d'en fargues,barri,1998,9801,38,20
la font d'en fargues,barri,1999,9773,38,32
la font d'en fargues,barri,2000,9705,35,44
la font d'en fargues,barri,2001,9625,41,81
la font d'en fargues,barri,2002,9579,51,144
la font d'en fargues,barri,2003,9499,59,203
la font d'en fargues,barri,2004,9388,76,251
la font d'en fargues,barri,2005,9319,95,296
la font d'en fargues,barri,2006,9104,107,359
la font d'en fargues,barri,2007,9139,163,297
la font d'en fargues,barri,2008,9124,190,349
la font d'en fargues,barri,2009,9059,219,387
la font d'en fargues,barri,2010,8968,230,382
la font d'en fargues,barri,2011,8934,212,375
la font d'en fargues,barri,2012,8929,222,409
la font d'en fargues,barri,2013,8906,217,376
la font d'en fargues,barri,2014,8875,195,367
la font d'en fargues,barri,2015,8887,187,325
la font d'en fargues,barri,2016,8918,177,307
la font d'en fargues,barri,2017,8849,190,351
la font d'en fargues,barri,2018,8821,236,389
la font d'en fargues,barri,2019,8814,275,417
la font d'en fargues,barri,2020,8725,313,506
la font d'en fargues,barri,2021,8652,295,558
la font d'en fargues,barri,2022,8700,289,538
la font d'en fargues,barri,2023,8785,311,613
el carmel,barri,1997,33580,45,196
el carmel,barri,1998,33596,48,216
el carmel,barri,1999,33046,64,261
el carmel,barri,2000,32404,76,323
el carmel,barri,2001,31780,83,677
el carmel,barri,2002,31511,117,1450
el carmel,barri,2003,30800,143,2139
el carmel,barri,2004,30062,175,2664
el carmel,barri,2005,29346,238,3091
el carmel,barri,2006,28808,282,3519
el carmel,barri,2007,28222,510,3546
el carmel,barri,2008,27792,645,3826
el carmel,barri,2009,27789,737,4089
el carmel,barri,2010,27732,734,3871
el carmel,barri,2011,27603,711,3770
el carmel,barri,2012,27522,721,3743
el carmel,barri,2013,27394,761,3642
el carmel,barri,2014,27348,776,3531
el carmel,barri,2015,27538,767,3142
el carmel,barri,2016,27381,790,3205
el carmel,barri,2017,27244,830,3508
el carmel,barri,2018,27060,889,3883
el carmel,barri,2019,26790,1019,4366
el carmel,barri,2020,26469,1149,4894
el carmel,barri,2021,26248,1136,5340
el carmel,barri,2022,25984,1121,5013
el carmel,barri,2023,25842,1110,5557
la teixonera,barri,1997,11221,18,97
la teixonera,barri,1998,11232,19,128
la teixonera,barri,1999,11192,24,161
la teixonera,barri,2000,11162,25,180
la teixonera,barri,2001,11041,32,405
la teixonera,barri,2002,11107,41,680
la teixonera,barri,2003,10850,61,1040
la teixonera,barri,2004,10686,85,1255
la teixonera,barri,2005,10525,121,1436
la teixonera,barri,2006,10307,139,1480
la teixonera,barri,2007,10209,260,1279
la teixonera,barri,2008,10160,324,1454
la teixonera,barri,2009,10019,356,1530
la teixonera,barri,2010,9996,349,1482
la teixonera,barri,2011,10032,316,1440
la teixonera,barri,2012,10001,330,1438
la teixonera,barri,2013,9940,342,1376
la teixonera,barri,2014,9938,340,1155
la teixonera,barri,2015,9993,333,1033
la teixonera,barri,2016,9912,309,1059
la teixonera,barri,2017,10054,303,1276
la teixonera,barri,2018,10003,338,1308
la teixonera,barri,2019,9906,395,1486
la teixonera,barri,2020,9786,426,1714
la teixonera,barri,2021,9837,426,1780
la teixonera,barri,2022,9770,422,1725
la teixonera,barri,2023,9743,426,1917
sant genis dels agudells,barri,1997,7110,31,65
sant genis dels agudells,barri,1998,7087,28,72
sant genis dels agudells,barri,1999,7014,27,80
sant genis dels agudells,barri,2000,6951,30,87
sant genis dels agudells,barri,2001,6797,38,159
sant genis dels agudells,barri,2002,6818,60,306
sant genis dels agudells,barri,2003,6689,72,452
sant genis dels agudells,barri,2004,6520,81,535
sant genis dels agudells,barri,2005,6396,94,642
sant genis dels agudells,barri,2006,6321,115,700
sant genis dels agudells,barri,2007,6223,146,660
sant genis dels agudells,barri,2008,6146,170,775
sant genis dels agudells,barri,2009,6152,195,827
sant genis dels agudells,barri,2010,6188,175,758
sant genis dels agudells,barri,2011,6104,154,726
sant genis dels agudells,barri,2012,6077,146,725
sant genis dels agudells,barri,2013,6008,167,727
sant genis dels agudells,barri,2014,6033,163,656
sant genis dels agudells,barri,2015,6013,148,560
sant genis dels agudells,barri,2016,5945,158,591
sant genis dels agudells,barri,2017,5936,179,712
sant genis dels agudells,barri,2018,5979,194,838
sant genis dels agudells,barri,2019,5999,203,1044
sant genis dels agudells,barri,2020,5978,231,1181
sant genis dels agudells,barri,2021,5921,240,1223
sant genis dels agudells,barri,2022,5865,233,1163
sant genis dels agudells,barri,2023,5867,237,1281
montbau,barri,1997,5251,8,22
montbau,barri,1998,5239,8,27
montbau,barri,1999,5128,8,37
montbau,barri,2000,5034,10,56
montbau,barri,2001,4951,12,132
montbau,barri,2002,4987,22,242
montbau,barri,2003,4903,16,420
montbau,barri,2004,4812,25,472
montbau,barri,2005,4751,36,497
montbau,barri,2006,4697,53,520
montbau,barri,2007,4608,58,445
montbau,barri,2008,4647,74,461
montbau,barri,2009,4673,86,465
montbau,barri,2010,4714,87,448
montbau,barri,2011,4633,91,489
montbau,barri,2012,4570,97,468
montbau,barri,2013,4535,105,469
montbau,barri,2014,4497,100,448
montbau,barri,2015,4525,98,418
montbau,barri,2016,4553,94,406
montbau,barri,2017,4520,120,468
montbau,barri,2018,4456,122,521
montbau,barri,2019,4420,155,551
montbau,barri,2020,4367,180,625
montbau,barri,2021,4287,179,648
montbau,barri,2022,4197,198,619
montbau,barri,2023,4225,181,768
la vall d'hebron,barri,1997,5373,19,54
la vall d'hebron,barri,1998,5407,24,74
la vall d'hebron,barri,1999,5428,19,73
la vall d'hebron,barri,2000,5422,20,101
la vall d'hebron,barri,2001,5328,23,157
la vall d'hebron,barri,2002,5267,36,306
la vall d'hebron,barri,2003,5201,39,443
la vall d'hebron,barri,2004,5143,54,513
la vall d'hebron,barri,2005,5062,74,554
la vall d'hebron,barri,2006,4978,90,596
la vall d'hebron,barri,2007,4882,124,433
la vall d'hebron,barri,2008,4926,150,483
la vall d'hebron,barri,2009,4953,147,446
la vall d'hebron,barri,2010,5037,154,414
la vall d'hebron,barri,2011,5027,146,391
la vall d'hebron,barri,2012,5019,146,402
la vall d'hebron,barri,2013,4954,139,397
la vall d'hebron,barri,2014,4974,139,377
la vall d'hebron,barri,2015,5019,137,311
la vall d'hebron,barri,2016,5218,153,316
la vall d'hebron,barri,2017,5262,160,370
la vall d'hebron,barri,2018,5204,155,378
la vall d'hebron,barri,2019,5253,166,384
la vall d'hebron,barri,2020,5275,169,442
la vall d'hebron,barri,2021,5282,170,480
la vall d'hebron,barri,2022,5246,177,446
la vall d'hebron,barri,2023,5214,166,494
la clota,barri,1997,443,NA,NA
la clota,barri,1998,450,NA,11
la clota,barri,1999,453,NA,14
la clota,barri,2000,446,NA,13
la clota,barri,2001,434,NA,20
la clota,barri,2002,420,NA,33
la clota,barri,2003,416,NA,46
la clota,barri,2004,414,NA,47
la clota,barri,2005,421,NA,52
la clota,barri,2006,414,6,66
la clota,barri,2007,387,10,60
la clota,barri,2008,386,11,58
la clota,barri,2009,370,12,82
la clota,barri,2010,365,12,76
la clota,barri,2011,359,12,93
la clota,barri,2012,347,8,97
la clota,barri,2013,338,11,90
la clota,barri,2014,416,8,97
la clota,barri,2015,452,9,81
la clota,barri,2016,513,8,69
la clota,barri,2017,546,9,56
la clota,barri,2018,575,10,72
la clota,barri,2019,591,13,82
la clota,barri,2020,600,28,81
la clota,barri,2021,590,29,79
la clota,barri,2022,576,23,70
la clota,barri,2023,597,20,82
horta,barri,1997,26342,47,92
horta,barri,1998,26364,47,118
horta,barri,1999,26173,55,153
horta,barri,2000,26028,67,197
horta,barri,2001,25751,73,453
horta,barri,2002,25714,118,779
horta,barri,2003,25511,155,1047
horta,barri,2004,25201,211,1271
horta,barri,2005,24819,241,1580
horta,barri,2006,24534,283,1706
horta,barri,2007,24326,399,1637
horta,barri,2008,24236,551,2494
horta,barri,2009,24122,601,3149
horta,barri,2010,24038,592,3141
horta,barri,2011,23872,583,3072
horta,barri,2012,23841,570,2590
horta,barri,2013,23786,619,2166
horta,barri,2014,23717,645,2190
horta,barri,2015,23831,640,1998
horta,barri,2016,23885,634,2078
horta,barri,2017,23867,642,2233
horta,barri,2018,23788,665,2413
horta,barri,2019,23692,713,3074
horta,barri,2020,23751,742,3868
horta,barri,2021,23413,692,3949
horta,barri,2022,23411,691,3772
horta,barri,2023,23574,703,5117
nou barris,districte,1997,167864,259,868
nou barris,districte,1998,167675,276,1125
nou barris,districte,1999,165224,289,1528
nou barris,districte,2000,162612,321,2156
nou barris,districte,2001,159359,343,4608
nou barris,districte,2002,157407,489,8306
nou barris,districte,2003,153771,637,12117
nou barris,districte,2004,150404,779,15385
nou barris,districte,2005,147001,1009,17978
nou barris,districte,2006,144082,1173,20960
nou barris,districte,2007,142341,2171,21059
nou barris,districte,2008,140991,2788,24250
nou barris,districte,2009,140170,2964,26672
nou barris,districte,2010,139742,2866,25462
nou barris,districte,2011,139282,2771,25561
nou barris,districte,2012,138976,2790,25562
nou barris,districte,2013,138630,2762,24410
nou barris,districte,2014,138828,2852,22825
nou barris,districte,2015,140564,2776,21289
nou barris,districte,2016,140563,2795,21606
nou barris,districte,2017,140361,2949,23489
nou barris,districte,2018,139773,3128,25418
nou barris,districte,2019,139261,3518,28504
nou barris,districte,2020,138670,3718,31618
nou barris,districte,2021,137326,3628,32590
nou barris,districte,2022,136641,3632,30446
nou barris,districte,2023,136750,3676,33768
vilapicina i la torre llobeta,barri,1997,24674,48,143
vilapicina i la torre llobeta,barri,1998,24677,48,205
vilapicina i la torre llobeta,barri,1999,24664,50,246
vilapicina i la torre llobeta,barri,2000,24443,57,333
vilapicina i la torre llobeta,barri,2001,24234,71,690
vilapicina i la torre llobeta,barri,2002,24239,115,1316
vilapicina i la torre llobeta,barri,2003,23857,148,1856
vilapicina i la torre llobeta,barri,2004,23408,173,2175
vilapicina i la torre llobeta,barri,2005,23078,217,2418
vilapicina i la torre llobeta,barri,2006,22773,254,2695
vilapicina i la torre llobeta,barri,2007,22567,416,2575
vilapicina i la torre llobeta,barri,2008,22496,493,2767
vilapicina i la torre llobeta,barri,2009,22366,516,3042
vilapicina i la torre llobeta,barri,2010,22296,474,2864
vilapicina i la torre llobeta,barri,2011,22060,417,2942
vilapicina i la torre llobeta,barri,2012,22158,438,2922
vilapicina i la torre llobeta,barri,2013,22126,451,2970
vilapicina i la torre llobeta,barri,2014,22145,491,2693
vilapicina i la torre llobeta,barri,2015,22361,509,2572
vilapicina i la torre llobeta,barri,2016,22365,494,2661
vilapicina i la torre llobeta,barri,2017,22254,527,2835
vilapicina i la torre llobeta,barri,2018,22141,574,2957
vilapicina i la torre llobeta,barri,2019,21972,638,3282
vilapicina i la torre llobeta,barri,2020,21902,677,3502
vilapicina i la torre llobeta,barri,2021,21659,663,3551
vilapicina i la torre llobeta,barri,2022,21610,690,3364
vilapicina i la torre llobeta,barri,2023,21438,673,3805
porta,barri,1997,23953,45,162
porta,barri,1998,23897,57,187
porta,barri,1999,23731,58,219
porta,barri,2000,23400,72,300
porta,barri,2001,22971,66,759
porta,barri,2002,22784,78,1199
porta,barri,2003,22240,104,1443
porta,barri,2004,21642,127,1779
porta,barri,2005,21192,173,1936
porta,barri,2006,20827,202,2277
porta,barri,2007,20875,287,2341
porta,barri,2008,20778,432,3175
porta,barri,2009,20667,482,4183
porta,barri,2010,20644,442,4080
porta,barri,2011,20692,446,3947
porta,barri,2012,20715,400,3698
porta,barri,2013,20585,397,3369
porta,barri,2014,20702,430,3201
porta,barri,2015,21045,379,2873
porta,barri,2016,21243,426,2896
porta,barri,2017,21292,460,3292
porta,barri,2018,21287,510,3770
porta,barri,2019,21204,615,4736
porta,barri,2020,21131,635,6046
porta,barri,2021,20834,636,6325
porta,barri,2022,20778,636,5979
porta,barri,2023,21069,661,7245
el turo de la peira,barri,1997,14712,20,106
el turo de la peira,barri,1998,14571,24,145
el turo de la peira,barri,1999,14239,22,322
el turo de la peira,barri,2000,13965,26,479
el turo de la peira,barri,2001,13661,29,798
el turo de la peira,barri,2002,13400,43,1221
el turo de la peira,barri,2003,12970,56,1768
el turo de la peira,barri,2004,12738,89,2196
el turo de la peira,barri,2005,12474,105,2631
el turo de la peira,barri,2006,12072,115,2976
el turo de la peira,barri,2007,11891,187,2965
el turo de la peira,barri,2008,11779,218,3186
el turo de la peira,barri,2009,11719,245,3375
el turo de la peira,barri,2010,11792,237,3310
el turo de la peira,barri,2011,11904,228,3293
el turo de la peira,barri,2012,11857,242,3470
el turo de la peira,barri,2013,11862,254,3316
el turo de la peira,barri,2014,11951,240,3159
el turo de la peira,barri,2015,12225,237,2866
el turo de la peira,barri,2016,12269,230,2834
el turo de la peira,barri,2017,12231,242,2992
el turo de la peira,barri,2018,12172,274,3128
el turo de la peira,barri,2019,12133,300,3349
el turo de la peira,barri,2020,12203,321,3703
el turo de la peira,barri,2021,12083,297,3803
el turo de la peira,barri,2022,12117,306,3599
el turo de la peira,barri,2023,12209,331,3751
can peguera,barri,1997,2256,NA,18
can peguera,barri,1998,2307,NA,24
can peguera,barri,1999,2258,NA,28
can peguera,barri,2000,2211,NA,33
can peguera,barri,2001,2154,NA,31
can peguera,barri,2002,2114,NA,36
can peguera,barri,2003,2077,NA,48
can peguera,barri,2004,2056,NA,49
can peguera,barri,2005,2057,NA,62
can peguera,barri,2006,2060,NA,66
can peguera,barri,2007,2057,14,67
can peguera,barri,2008,2070,12,63
can peguera,barri,2009,2079,16,66
can peguera,barri,2010,2132,20,63
can peguera,barri,2011,2142,23,75
can peguera,barri,2012,2127,22,89
can peguera,barri,2013,2109,19,101
can peguera,barri,2014,2122,25,114
can peguera,barri,2015,2113,32,130
can peguera,barri,2016,2095,27,133
can peguera,barri,2017,2096,27,150
can peguera,barri,2018,2065,24,181
can peguera,barri,2019,2045,26,218
can peguera,barri,2020,2015,26,233
can peguera,barri,2021,1968,25,222
can peguera,barri,2022,1963,29,195
can peguera,barri,2023,1971,21,178
la guineueta,barri,1997,17081,19,54
la guineueta,barri,1998,16931,24,74
la guineueta,barri,1999,16680,25,90
la guineueta,barri,2000,16338,28,130
la guineueta,barri,2001,15975,27,263
la guineueta,barri,2002,15567,35,447
la guineueta,barri,2003,15236,61,670
la guineueta,barri,2004,15214,74,789
la guineueta,barri,2005,14913,99,850
la guineueta,barri,2006,14711,110,873
la guineueta,barri,2007,14571,191,763
la guineueta,barri,2008,14350,218,859
la guineueta,barri,2009,14225,227,910
la guineueta,barri,2010,14127,244,928
la guineueta,barri,2011,14028,223,1012
la guineueta,barri,2012,13966,220,996
la guineueta,barri,2013,13953,226,947
la guineueta,barri,2014,13922,218,917
la guineueta,barri,2015,14033,217,847
la guineueta,barri,2016,13954,237,859
la guineueta,barri,2017,14034,249,964
la guineueta,barri,2018,14029,250,1014
la guineueta,barri,2019,13917,273,1208
la guineueta,barri,2020,13777,290,1353
la guineueta,barri,2021,13526,267,1474
la guineueta,barri,2022,13445,267,1340
la guineueta,barri,2023,13440,263,1557
canyelles,barri,1997,8719,11,14
canyelles,barri,1998,8656,12,19
canyelles,barri,1999,8471,10,22
canyelles,barri,2000,8346,10,29
canyelles,barri,2001,8103,9,47
canyelles,barri,2002,8059,14,111
canyelles,barri,2003,7843,22,186
canyelles,barri,2004,7651,25,198
canyelles,barri,2005,7450,28,244
canyelles,barri,2006,7267,35,292
canyelles,barri,2007,7135,47,329
canyelles,barri,2008,7060,53,358
canyelles,barri,2009,7025,53,362
canyelles,barri,2010,6965,54,286
canyelles,barri,2011,6872,59,308
canyelles,barri,2012,6804,56,333
canyelles,barri,2013,6742,65,301
canyelles,barri,2014,6648,72,260
canyelles,barri,2015,6673,58,221
canyelles,barri,2016,6628,50,247
canyelles,barri,2017,6560,50,253
canyelles,barri,2018,6562,52,271
canyelles,barri,2019,6477,63,344
canyelles,barri,2020,6408,74,387
canyelles,barri,2021,6364,72,377
canyelles,barri,2022,6301,73,413
canyelles,barri,2023,6252,66,467
les roquetes,barri,1997,15508,21,107
les roquetes,barri,1998,15521,22,133
les roquetes,barri,1999,15192,22,168
les roquetes,barri,2000,14913,24,207
les roquetes,barri,2001,14553,21,493
les roquetes,barri,2002,14538,32,896
les roquetes,barri,2003,14201,50,1337
les roquetes,barri,2004,13867,62,1880
les roquetes,barri,2005,13453,83,2173
les roquetes,barri,2006,13138,93,2600
les roquetes,barri,2007,12883,308,2465
les roquetes,barri,2008,12666,393,2882
les roquetes,barri,2009,12618,413,3151
les roquetes,barri,2010,12553,439,3000
les roquetes,barri,2011,12521,422,3044
les roquetes,barri,2012,12496,392,3140
les roquetes,barri,2013,12442,386,2946
les roquetes,barri,2014,12448,409,2708
les roquetes,barri,2015,12467,383,2550
les roquetes,barri,2016,12421,392,2597
les roquetes,barri,2017,12401,404,2826
les roquetes,barri,2018,12341,379,3043
les roquetes,barri,2019,12415,413,3401
les roquetes,barri,2020,12343,433,3618
les roquetes,barri,2021,12432,422,3709
les roquetes,barri,2022,12336,387,3433
les roquetes,barri,2023,12246,405,3871
verdun,barri,1997,12795,23,101
verdun,barri,1998,12688,24,124
verdun,barri,1999,12489,24,136
verdun,barri,2000,12212,27,180
verdun,barri,2001,11805,29,454
verdun,barri,2002,11556,43,830
verdun,barri,2003,11266,45,1075
verdun,barri,2004,10979,52,1288
verdun,barri,2005,10719,60,1409
verdun,barri,2006,10457,89,1625
verdun,barri,2007,10320,169,1610
verdun,barri,2008,10301,210,1893
verdun,barri,2009,10185,206,2002
verdun,barri,2010,10188,204,1919
verdun,barri,2011,10178,186,1938
verdun,barri,2012,10202,210,2035
verdun,barri,2013,10101,190,2045
verdun,barri,2014,9960,220,1939
verdun,barri,2015,10161,230,1834
verdun,barri,2016,10104,220,1937
verdun,barri,2017,10059,236,2073
verdun,barri,2018,9991,257,2197
verdun,barri,2019,9830,277,2471
verdun,barri,2020,9826,303,2669
verdun,barri,2021,9768,300,2797
verdun,barri,2022,9678,297,2583
verdun,barri,2023,9686,311,2777
la prosperitat,barri,1997,27757,32,110
la prosperitat,barri,1998,27729,28,142
la prosperitat,barri,1999,27055,33,188
la prosperitat,barri,2000,26571,31,268
la prosperitat,barri,2001,26110,33,632
la prosperitat,barri,2002,25761,58,1335
la prosperitat,barri,2003,25202,76,1899
la prosperitat,barri,2004,24525,84,2286
la prosperitat,barri,2005,23941,131,2650
la prosperitat,barri,2006,23563,136,3066
la prosperitat,barri,2007,23156,292,3043
la prosperitat,barri,2008,22822,398,3412
la prosperitat,barri,2009,22697,447,3674
la prosperitat,barri,2010,22575,385,3613
la prosperitat,barri,2011,22530,347,3677
la prosperitat,barri,2012,22430,379,3653
la prosperitat,barri,2013,22373,406,3527
la prosperitat,barri,2014,22440,368,3274
la prosperitat,barri,2015,22595,355,3021
la prosperitat,barri,2016,22656,357,3169
la prosperitat,barri,2017,22540,379,3495
la prosperitat,barri,2018,22350,422,3799
la prosperitat,barri,2019,22398,475,3982
la prosperitat,barri,2020,22275,518,4233
la prosperitat,barri,2021,22015,515,4337
la prosperitat,barri,2022,21777,508,4059
la prosperitat,barri,2023,21673,531,4457
la trinitat nova,barri,1997,7567,8,19
la trinitat nova,barri,1998,7750,10,25
la trinitat nova,barri,1999,7610,9,44
la trinitat nova,barri,2000,7592,9,79
la trinitat nova,barri,2001,7474,10,170
la trinitat nova,barri,2002,7426,20,312
la trinitat nova,barri,2003,7222,18,552
la trinitat nova,barri,2004,7033,30,840
la trinitat nova,barri,2005,6895,35,1039
la trinitat nova,barri,2006,6650,44,1264
la trinitat nova,barri,2007,6590,86,1363
la trinitat nova,barri,2008,6495,91,1494
la trinitat nova,barri,2009,6455,81,1597
la trinitat nova,barri,2010,6328,86,1463
la trinitat nova,barri,2011,6222,89,1388
la trinitat nova,barri,2012,6189,87,1348
la trinitat nova,barri,2013,6164,95,1296
la trinitat nova,barri,2014,6071,108,1211
la trinitat nova,barri,2015,6046,95,1194
la trinitat nova,barri,2016,5980,92,1187
la trinitat nova,barri,2017,5908,101,1262
la trinitat nova,barri,2018,5821,116,1428
la trinitat nova,barri,2019,5861,134,1625
la trinitat nova,barri,2020,5792,135,1742
la trinitat nova,barri,2021,5758,132,1738
la trinitat nova,barri,2022,5708,141,1572
la trinitat nova,barri,2023,5777,127,1720
torre baro,barri,1997,2343,11,14
torre baro,barri,1998,2368,11,17
torre baro,barri,1999,2296,14,16
torre baro,barri,2000,2217,13,22
torre baro,barri,2001,2124,15,50
torre baro,barri,2002,2080,14,82
torre baro,barri,2003,2073,13,126
torre baro,barri,2004,2051,10,150
torre baro,barri,2005,2048,10,156
torre baro,barri,2006,1973,12,174
torre baro,barri,2007,1937,23,144
torre baro,barri,2008,1940,31,180
torre baro,barri,2009,1952,24,189
torre baro,barri,2010,1957,23,184
torre baro,barri,2011,1953,27,192
torre baro,barri,2012,1934,28,207
torre baro,barri,2013,1969,28,199
torre baro,barri,2014,2132,42,381
torre baro,barri,2015,2302,49,383
torre baro,barri,2016,2348,57,390
torre baro,barri,2017,2359,65,435
torre baro,barri,2018,2371,72,450
torre baro,barri,2019,2382,82,467
torre baro,barri,2020,2350,70,505
torre baro,barri,2021,2322,77,524
torre baro,barri,2022,2319,82,507
torre baro,barri,2023,2335,80,524
ciutat meridiana,barri,1997,9787,18,18
ciutat meridiana,barri,1998,9796,11,28
ciutat meridiana,barri,1999,9740,12,47
ciutat meridiana,barri,2000,9603,13,92
ciutat meridiana,barri,2001,9391,23,208
ciutat meridiana,barri,2002,9100,27,483
ciutat meridiana,barri,2003,8731,34,1123
ciutat meridiana,barri,2004,8364,43,1708
ciutat meridiana,barri,2005,7882,54,2345
ciutat meridiana,barri,2006,7497,64,2936
ciutat meridiana,barri,2007,7224,128,3297
ciutat meridiana,barri,2008,7069,211,3857
ciutat meridiana,barri,2009,6998,226,4006
ciutat meridiana,barri,2010,7005,220,3634
ciutat meridiana,barri,2011,6992,267,3627
ciutat meridiana,barri,2012,6931,277,3537
ciutat meridiana,barri,2013,7047,205,3242
ciutat meridiana,barri,2014,7136,196,2842
ciutat meridiana,barri,2015,7373,197,2669
ciutat meridiana,barri,2016,7304,187,2564
ciutat meridiana,barri,2017,7419,183,2767
ciutat meridiana,barri,2018,7429,172,3021
ciutat meridiana,barri,2019,7431,190,3243
ciutat meridiana,barri,2020,7456,201,3434
ciutat meridiana,barri,2021,7436,189,3527
ciutat meridiana,barri,2022,7422,182,3204
ciutat meridiana,barri,2023,7483,179,3195
vallbona,barri,1997,712,NA,NA
vallbona,barri,1998,784,5,NA
vallbona,barri,1999,799,10,NA
vallbona,barri,2000,801,11,NA
vallbona,barri,2001,804,10,13
vallbona,barri,2002,783,10,38
vallbona,barri,2003,853,10,34
vallbona,barri,2004,876,10,47
vallbona,barri,2005,899,13,65
vallbona,barri,2006,1094,17,116
vallbona,barri,2007,1135,23,97
vallbona,barri,2008,1165,28,124
vallbona,barri,2009,1184,28,115
vallbona,barri,2010,1180,38,118
vallbona,barri,2011,1188,37,118
vallbona,barri,2012,1167,39,134
vallbona,barri,2013,1157,40,151
vallbona,barri,2014,1151,33,126
vallbona,barri,2015,1170,35,129
vallbona,barri,2016,1196,26,132
vallbona,barri,2017,1208,26,145
vallbona,barri,2018,1214,26,159
vallbona,barri,2019,1196,32,178
vallbona,barri,2020,1192,35,193
vallbona,barri,2021,1161,33,206
vallbona,barri,2022,1187,34,198
vallbona,barri,2023,1171,28,221
sant andreu,districte,1997,133319,215,1016
sant andreu,districte,1998,133977,244,1202
sant andreu,districte,1999,133470,268,1491
sant andreu,districte,2000,132555,303,1945
sant andreu,districte,2001,131544,385,3619
sant andreu,districte,2002,132100,539,6169
sant andreu,districte,2003,131008,736,9086
sant andreu,districte,2004,130168,897,10885
sant andreu,districte,2005,129268,1150,12777
sant andreu,districte,2006,128256,1353,14526
sant andreu,districte,2007,127293,2088,14029
sant andreu,districte,2008,126826,2571,16294
sant andreu,districte,2009,126665,2810,17908
sant andreu,districte,2010,126580,2871,17520
sant andreu,districte,2011,127238,2773,17328
sant andreu,districte,2012,127593,2769,17025
sant andreu,districte,2013,127865,2884,16194
sant andreu,districte,2014,128268,2839,14885
sant andreu,districte,2015,129774,2886,13845
sant andreu,districte,2016,130115,2991,13689
sant andreu,districte,2017,130030,3217,14532
sant andreu,districte,2018,129885,3399,15359
sant andreu,districte,2019,129474,3988,16876
sant andreu,districte,2020,128941,4261,18852
sant andreu,districte,2021,127910,4087,19529
sant andreu,districte,2022,127106,4186,18522
sant andreu,districte,2023,126730,4200,20858
la trinitat vella,barri,1997,7632,NA,168
la trinitat vella,barri,1998,7708,NA,192
la trinitat vella,barri,1999,7716,NA,261
la trinitat vella,barri,2000,7683,NA,337
la trinitat vella,barri,2001,7565,8,550
la trinitat vella,barri,2002,7599,10,881
la trinitat vella,barri,2003,7472,26,1393
la trinitat vella,barri,2004,7257,35,1723
la trinitat vella,barri,2005,7055,53,2189
la trinitat vella,barri,2006,6963,76,2731
la trinitat vella,barri,2007,6893,143,2776
la trinitat vella,barri,2008,6845,235,3194
la trinitat vella,barri,2009,6859,219,3369
la trinitat vella,barri,2010,6790,211,3274
la trinitat vella,barri,2011,6812,234,3357
la trinitat vella,barri,2012,6900,239,3258
la trinitat vella,barri,2013,6998,252,3184
la trinitat vella,barri,2014,7135,240,2872
la trinitat vella,barri,2015,7255,240,2573
la trinitat vella,barri,2016,7254,245,2549
la trinitat vella,barri,2017,7205,255,2546
la trinitat vella,barri,2018,7154,232,2685
la trinitat vella,barri,2019,7131,301,2905
la trinitat vella,barri,2020,7105,310,3072
la trinitat vella,barri,2021,7126,319,3068
la trinitat vella,barri,2022,7197,325,2836
la trinitat vella,barri,2023,7226,291,2769
baro de viver,barri,1997,2291,NA,5
baro de viver,barri,1998,2345,NA,8
baro de viver,barri,1999,2342,NA,12
baro de viver,barri,2000,2351,NA,16
baro de viver,barri,2001,2354,NA,18
baro de viver,barri,2002,2363,NA,26
baro de viver,barri,2003,2334,6,41
baro de viver,barri,2004,2301,NA,60
baro de viver,barri,2005,2300,5,77
baro de viver,barri,2006,2302,11,108
baro de viver,barri,2007,2287,13,117
baro de viver,barri,2008,2279,19,160
baro de viver,barri,2009,2278,17,157
baro de viver,barri,2010,2222,16,154
baro de viver,barri,2011,2244,18,149
baro de viver,barri,2012,2227,23,161
baro de viver,barri,2013,2210,25,181
baro de viver,barri,2014,2226,28,225
baro de viver,barri,2015,2226,32,224
baro de viver,barri,2016,2249,35,227
baro de viver,barri,2017,2247,35,257
baro de viver,barri,2018,2211,39,285
baro de viver,barri,2019,2233,44,327
baro de viver,barri,2020,2233,44,348
baro de viver,barri,2021,2226,43,384
baro de viver,barri,2022,2207,47,349
baro de viver,barri,2023,2191,41,350
el bon pastor,barri,1997,10023,10,27
el bon pastor,barri,1998,10088,9,33
el bon pastor,barri,1999,9966,8,51
el bon pastor,barri,2000,9764,11,72
el bon pastor,barri,2001,9736,15,142
el bon pastor,barri,2002,9692,18,320
el bon pastor,barri,2003,9930,21,642
el bon pastor,barri,2004,10496,38,855
el bon pastor,barri,2005,10591,63,1078
el bon pastor,barri,2006,10604,70,1367
el bon pastor,barri,2007,10544,141,1487
el bon pastor,barri,2008,10541,215,2333
el bon pastor,barri,2009,10590,274,2965
el bon pastor,barri,2010,10639,296,2874
el bon pastor,barri,2011,10645,308,2668
el bon pastor,barri,2012,10733,288,2176
el bon pastor,barri,2013,10844,312,1657
el bon pastor,barri,2014,10883,308,1485
el bon pastor,barri,2015,10972,237,1350
el bon pastor,barri,2016,10987,248,1358
el bon pastor,barri,2017,10924,237,1421
el bon pastor,barri,2018,10865,250,1625
el bon pastor,barri,2019,10831,284,2011
el bon pastor,barri,2020,10796,289,2567
el bon pastor,barri,2021,10707,282,2741
el bon pastor,barri,2022,10627,286,2640
el bon pastor,barri,2023,10632,280,3522
sant andreu,barri,1997,51342,80,272
sant andreu,barri,1998,51634,98,334
sant andreu,barri,1999,51581,101,365
sant andreu,barri,2000,51421,118,473
sant andreu,barri,2001,51300,154,863
sant andreu,barri,2002,51981,236,1577
sant andreu,barri,2003,51735,292,2378
sant andreu,barri,2004,51644,368,2900
sant andreu,barri,2005,51462,470,3474
sant andreu,barri,2006,51253,497,3767
sant andreu,barri,2007,51158,754,3536
sant andreu,barri,2008,50970,835,3780
sant andreu,barri,2009,51018,895,3970
sant andreu,barri,2010,51053,881,3898
sant andreu,barri,2011,51527,835,3710
sant andreu,barri,2012,51774,821,3686
sant andreu,barri,2013,52004,843,3653
sant andreu,barri,2014,52108,800,3355
sant andreu,barri,2015,52539,831,3121
sant andreu,barri,2016,52766,841,3087
sant andreu,barri,2017,52833,924,3465
sant andreu,barri,2018,53073,985,3603
sant andreu,barri,2019,52995,1149,3815
sant andreu,barri,2020,52860,1257,4389
sant andreu,barri,2021,52401,1206,4613
sant andreu,barri,2022,51951,1205,4445
sant andreu,barri,2023,51747,1217,4936
la sagrera,barri,1997,27648,46,310
la sagrera,barri,1998,27604,51,329
la sagrera,barri,1999,27380,60,409
la sagrera,barri,2000,27171,65,556
la sagrera,barri,2001,26901,79,967
la sagrera,barri,2002,26846,106,1512
la sagrera,barri,2003,26595,150,2081
la sagrera,barri,2004,26192,173,2429
la sagrera,barri,2005,25974,209,2647
la sagrera,barri,2006,25624,276,2928
la sagrera,barri,2007,25245,416,2685
la sagrera,barri,2008,25222,504,2979
la sagrera,barri,2009,25190,558,3193
la sagrera,barri,2010,25096,545,3238
la sagrera,barri,2011,25240,501,3378
la sagrera,barri,2012,25127,534,3439
la sagrera,barri,2013,25062,553,3309
la sagrera,barri,2014,25067,545,3059
la sagrera,barri,2015,25423,612,2864
la sagrera,barri,2016,25436,652,2715
la sagrera,barri,2017,25532,694,2899
la sagrera,barri,2018,25451,758,3079
la sagrera,barri,2019,25261,853,3369
la sagrera,barri,2020,25038,891,3676
la sagrera,barri,2021,24932,862,3771
la sagrera,barri,2022,24763,907,3768
la sagrera,barri,2023,24585,983,4336
el congres i els indians,barri,1997,13612,29,77
el congres i els indians,barri,1998,13610,34,100
el congres i els indians,barri,1999,13419,35,118
el congres i els indians,barri,2000,13305,36,141
el congres i els indians,barri,2001,13076,43,261
el congres i els indians,barri,2002,13020,57,432
el congres i els indians,barri,2003,12823,82,759
el congres i els indians,barri,2004,12645,96,962
el congres i els indians,barri,2005,12556,125,1149
el congres i els indians,barri,2006,12428,153,1324
el congres i els indians,barri,2007,12337,269,1244
el congres i els indians,barri,2008,12214,331,1449
el congres i els indians,barri,2009,12116,351,1593
el congres i els indians,barri,2010,12066,385,1501
el congres i els indians,barri,2011,12065,384,1547
el congres i els indians,barri,2012,12088,365,1653
el congres i els indians,barri,2013,12071,350,1607
el congres i els indians,barri,2014,12078,346,1499
el congres i els indians,barri,2015,12280,334,1432
el congres i els indians,barri,2016,12290,351,1410
el congres i els indians,barri,2017,12272,407,1459
el congres i els indians,barri,2018,12250,416,1527
el congres i els indians,barri,2019,12304,485,1766
el congres i els indians,barri,2020,12287,538,1901
el congres i els indians,barri,2021,12113,517,1919
el congres i els indians,barri,2022,12091,532,1694
el congres i els indians,barri,2023,12148,507,1966
navas,barri,1997,20771,47,157
navas,barri,1998,20988,48,206
navas,barri,1999,21066,61,275
navas,barri,2000,20860,68,350
navas,barri,2001,20612,85,818
navas,barri,2002,20599,109,1421
navas,barri,2003,20119,159,1792
navas,barri,2004,19633,183,1956
navas,barri,2005,19330,225,2163
navas,barri,2006,19082,270,2301
navas,barri,2007,18829,352,2184
navas,barri,2008,18755,432,2399
navas,barri,2009,18614,496,2661
navas,barri,2010,18714,537,2581
navas,barri,2011,18705,493,2519
navas,barri,2012,18744,499,2652
navas,barri,2013,18676,549,2603
navas,barri,2014,18771,572,2390
navas,barri,2015,19079,600,2281
navas,barri,2016,19133,619,2343
navas,barri,2017,19017,665,2485
navas,barri,2018,18881,719,2555
navas,barri,2019,18719,872,2683
navas,barri,2020,18622,932,2899
navas,barri,2021,18405,858,3033
navas,barri,2022,18270,884,2790
navas,barri,2023,18201,881,2979
sant marti,districte,1997,201442,540,1721
sant marti,districte,1998,203057,609,2152
sant marti,districte,1999,202304,731,2720
sant marti,districte,2000,200933,832,3354
sant marti,districte,2001,199703,1000,5895
sant marti,districte,2002,201192,1493,10385
sant marti,districte,2003,200149,2000,15457
sant marti,districte,2004,197625,2679,18480
sant marti,districte,2005,196219,3451,21742
sant marti,districte,2006,194669,4357,24339
sant marti,districte,2007,193953,6299,22667
sant marti,districte,2008,193233,7928,25147
sant marti,districte,2009,193494,8811,27558
sant marti,districte,2010,194115,9287,26809
sant marti,districte,2011,195043,8930,27094
sant marti,districte,2012,195818,9462,27436
sant marti,districte,2013,195966,10186,26867
sant marti,districte,2014,196425,10538,25686
sant marti,districte,2015,198440,10803,24397
sant marti,districte,2016,198189,11088,24870
sant marti,districte,2017,196983,12006,27025
sant marti,districte,2018,195755,12748,28470
sant marti,districte,2019,194421,14397,31120
sant marti,districte,2020,192319,15432,33787
sant marti,districte,2021,190298,14847,35992
sant marti,districte,2022,188671,15702,35055
sant marti,districte,2023,187072,16106,39535
el camp de l'arpa del clot,barri,1997,35971,115,446
el camp de l'arpa del clot,barri,1998,36205,129,548
el camp de l'arpa del clot,barri,1999,35935,176,690
el camp de l'arpa del clot,barri,2000,35428,159,785
el camp de l'arpa del clot,barri,2001,34926,195,1463
el camp de l'arpa del clot,barri,2002,35304,298,2510
el camp de l'arpa del clot,barri,2003,34612,378,3540
el camp de l'arpa del clot,barri,2004,33823,468,3976
el camp de l'arpa del clot,barri,2005,33264,582,4630
el camp de l'arpa del clot,barri,2006,33087,756,5042
el camp de l'arpa del clot,barri,2007,32913,1070,4588
el camp de l'arpa del clot,barri,2008,32680,1289,4801
el camp de l'arpa del clot,barri,2009,32495,1407,4930
el camp de l'arpa del clot,barri,2010,32322,1404,4622
el camp de l'arpa del clot,barri,2011,32148,1254,4548
el camp de l'arpa del clot,barri,2012,32198,1297,4670
el camp de l'arpa del clot,barri,2013,31989,1383,4603
el camp de l'arpa del clot,barri,2014,31977,1470,4348
el camp de l'arpa del clot,barri,2015,32406,1587,4172
el camp de l'arpa del clot,barri,2016,32284,1664,4179
el camp de l'arpa del clot,barri,2017,31920,1832,4489
el camp de l'arpa del clot,barri,2018,31613,2027,4682
el camp de l'arpa del clot,barri,2019,31461,2337,5110
el camp de l'arpa del clot,barri,2020,31019,2521,5587
el camp de l'arpa del clot,barri,2021,30473,2451,5905
el camp de l'arpa del clot,barri,2022,30104,2568,5528
el camp de l'arpa del clot,barri,2023,29706,2634,5998
el clot,barri,1997,22679,68,225
el clot,barri,1998,22907,76,287
el clot,barri,1999,23176,95,391
el clot,barri,2000,23563,118,518
el clot,barri,2001,23873,144,848
el clot,barri,2002,24410,194,1530
el clot,barri,2003,24261,249,2104
el clot,barri,2004,23956,313,2329
el clot,barri,2005,23858,365,2618
el clot,barri,2006,23618,433,2817
el clot,barri,2007,23550,624,2572
el clot,barri,2008,23506,801,2768
el clot,barri,2009,23555,896,3091
el clot,barri,2010,23543,943,3009
el clot,barri,2011,23499,872,2987
el clot,barri,2012,23397,909,3004
el clot,barri,2013,23291,950,2934
el clot,barri,2014,23285,1001,2746
el clot,barri,2015,23363,1021,2544
el clot,barri,2016,23287,1046,2592
el clot,barri,2017,23176,1153,2758
el clot,barri,2018,22953,1240,2854
el clot,barri,2019,22798,1363,3019
el clot,barri,2020,22392,1510,3177
el clot,barri,2021,22049,1496,3211
el clot,barri,2022,21673,1599,3105
el clot,barri,2023,21573,1639,3255
el parc i la llacuna del poblenou,barri,1997,12058,54,222
el parc i la llacuna del poblenou,barri,1998,12057,61,272
el parc i la llacuna del poblenou,barri,1999,12004,72,316
el parc i la llacuna del poblenou,barri,2000,11930,86,399
el parc i la llacuna del poblenou,barri,2001,11652,94,707
el parc i la llacuna del poblenou,barri,2002,11511,149,1091
el parc i la llacuna del poblenou,barri,2003,11402,221,1515
el parc i la llacuna del poblenou,barri,2004,11239,270,1695
el parc i la llacuna del poblenou,barri,2005,11053,323,1803
el parc i la llacuna del poblenou,barri,2006,11032,438,1858
el parc i la llacuna del poblenou,barri,2007,11020,603,1548
el parc i la llacuna del poblenou,barri,2008,10882,730,1491
el parc i la llacuna del poblenou,barri,2009,10885,859,1647
el parc i la llacuna del poblenou,barri,2010,10898,966,1605
el parc i la llacuna del poblenou,barri,2011,11060,942,1728
el parc i la llacuna del poblenou,barri,2012,11294,1026,1714
el parc i la llacuna del poblenou,barri,2013,11523,1142,1686
el parc i la llacuna del poblenou,barri,2014,11688,1182,1742
el parc i la llacuna del poblenou,barri,2015,11808,1178,1721
el parc i la llacuna del poblenou,barri,2016,11856,1212,1784
el parc i la llacuna del poblenou,barri,2017,11905,1308,1981
el parc i la llacuna del poblenou,barri,2018,12002,1377,2039
el parc i la llacuna del poblenou,barri,2019,12055,1560,2090
el parc i la llacuna del poblenou,barri,2020,12101,1664,2170
el parc i la llacuna del poblenou,barri,2021,12028,1531,2347
el parc i la llacuna del poblenou,barri,2022,11954,1675,2330
el parc i la llacuna del poblenou,barri,2023,11959,1827,2624
la vila olimpica del poblenou,barri,1997,5772,105,118
la vila olimpica del poblenou,barri,1998,6157,116,142
la vila olimpica del poblenou,barri,1999,6406,141,167
la vila olimpica del poblenou,barri,2000,6676,183,179
la vila olimpica del poblenou,barri,2001,6807,222,246
la vila olimpica del poblenou,barri,2002,6960,317,361
la vila olimpica del poblenou,barri,2003,6967,360,491
la vila olimpica del poblenou,barri,2004,6959,451,589
la vila olimpica del poblenou,barri,2005,7200,557,706
la vila olimpica del poblenou,barri,2006,7302,596,734
la vila olimpica del poblenou,barri,2007,7398,697,585
la vila olimpica del poblenou,barri,2008,7500,824,611
la vila olimpica del poblenou,barri,2009,7547,896,667
la vila olimpica del poblenou,barri,2010,7651,932,665
la vila olimpica del poblenou,barri,2011,7698,893,649
la vila olimpica del poblenou,barri,2012,7664,939,633
la vila olimpica del poblenou,barri,2013,7764,960,596
la vila olimpica del poblenou,barri,2014,7773,997,597
la vila olimpica del poblenou,barri,2015,7826,934,571
la vila olimpica del poblenou,barri,2016,7871,909,565
la vila olimpica del poblenou,barri,2017,7846,898,659
la vila olimpica del poblenou,barri,2018,7747,929,635
la vila olimpica del poblenou,barri,2019,7647,1004,696
la vila olimpica del poblenou,barri,2020,7568,1078,738
la vila olimpica del poblenou,barri,2021,7476,1030,886
la vila olimpica del poblenou,barri,2022,7395,1097,881
la vila olimpica del poblenou,barri,2023,7253,1087,995
el poblenou,barri,1997,23572,52,209
el poblenou,barri,1998,23835,67,232
el poblenou,barri,1999,23799,78,354
el poblenou,barri,2000,23646,96,451
el poblenou,barri,2001,23686,117,844
el poblenou,barri,2002,24301,203,1469
el poblenou,barri,2003,24990,319,2122
el poblenou,barri,2004,25076,476,2538
el poblenou,barri,2005,25450,637,2936
el poblenou,barri,2006,25519,863,3195
el poblenou,barri,2007,25732,1192,2924
el poblenou,barri,2008,25942,1499,3110
el poblenou,barri,2009,26063,1693,3368
el poblenou,barri,2010,26308,1827,3249
el poblenou,barri,2011,26943,1815,3307
el poblenou,barri,2012,27061,2028,3421
el poblenou,barri,2013,27223,2244,3411
el poblenou,barri,2014,27425,2349,3242
el poblenou,barri,2015,27881,2553,3000
el poblenou,barri,2016,27996,2664,2959
el poblenou,barri,2017,27937,2858,3134
el poblenou,barri,2018,27827,2968,3187
el poblenou,barri,2019,27393,3347,3425
el poblenou,barri,2020,27175,3658,3598
el poblenou,barri,2021,26855,3487,4066
el poblenou,barri,2022,26420,3685,3994
el poblenou,barri,2023,26090,3725,4330
diagonal mar i el front maritim del poblenou,barri,1997,4113,6,30
diagonal mar i el front maritim del poblenou,barri,1998,4120,10,33
diagonal mar i el front maritim del poblenou,barri,1999,4069,10,38
diagonal mar i el front maritim del poblenou,barri,2000,4208,11,48
diagonal mar i el front maritim del poblenou,barri,2001,4879,22,62
diagonal mar i el front maritim del poblenou,barri,2002,5958,52,175
diagonal mar i el front maritim del poblenou,barri,2003,6793,106,344
diagonal mar i el front maritim del poblenou,barri,2004,7476,194,459
diagonal mar i el front maritim del poblenou,barri,2005,7937,302,624
diagonal mar i el front maritim del poblenou,barri,2006,8114,396,768
diagonal mar i el front maritim del poblenou,barri,2007,8399,516,722
diagonal mar i el front maritim del poblenou,barri,2008,8539,638,785
diagonal mar i el front maritim del poblenou,barri,2009,8998,744,949
diagonal mar i el front maritim del poblenou,barri,2010,9469,845,950
diagonal mar i el front maritim del poblenou,barri,2011,10137,853,1012
diagonal mar i el front maritim del poblenou,barri,2012,10495,906,1113
diagonal mar i el front maritim del poblenou,barri,2013,10706,1020,1202
diagonal mar i el front maritim del poblenou,barri,2014,10944,1085,1137
diagonal mar i el front maritim del poblenou,barri,2015,11131,1088,1153
diagonal mar i el front maritim del poblenou,barri,2016,11163,1054,1197
diagonal mar i el front maritim del poblenou,barri,2017,11150,1125,1393
diagonal mar i el front maritim del poblenou,barri,2018,11017,1100,1526
diagonal mar i el front maritim del poblenou,barri,2019,10919,1190,1516
diagonal mar i el front maritim del poblenou,barri,2020,10745,1214,1565
diagonal mar i el front maritim del poblenou,barri,2021,10601,1186,1747
diagonal mar i el front maritim del poblenou,barri,2022,10477,1269,1643
diagonal mar i el front maritim del poblenou,barri,2023,10316,1242,1893
el besos i el maresme,barri,1997,21402,27,111
el besos i el maresme,barri,1998,21451,29,138
el besos i el maresme,barri,1999,21256,29,162
el besos i el maresme,barri,2000,20954,29,224
el besos i el maresme,barri,2001,20535,34,465
el besos i el maresme,barri,2002,20264,41,953
el besos i el maresme,barri,2003,19726,58,1834
el besos i el maresme,barri,2004,19183,88,2531
el besos i el maresme,barri,2005,18681,124,3252
el besos i el maresme,barri,2006,18212,163,4016
el besos i el maresme,barri,2007,17640,403,3981
el besos i el maresme,barri,2008,17427,597,5293
el besos i el maresme,barri,2009,17350,637,6029
el besos i el maresme,barri,2010,17290,597,5908
el besos i el maresme,barri,2011,17313,606,6055
el besos i el maresme,barri,2012,17269,596,5851
el besos i el maresme,barri,2013,17117,640,5385
el besos i el maresme,barri,2014,17048,627,5165
el besos i el maresme,barri,2015,17336,592,4916
el besos i el maresme,barri,2016,17214,583,4985
el besos i el maresme,barri,2017,17068,687,5308
el besos i el maresme,barri,2018,17073,797,5848
el besos i el maresme,barri,2019,17002,965,6878
el besos i el maresme,barri,2020,16742,1042,7917
el besos i el maresme,barri,2021,16820,977,8315
el besos i el maresme,barri,2022,16979,1024,8342
el besos i el maresme,barri,2023,17111,1032,9742
provencals del poblenou,barri,1997,16700,36,132
provencals del poblenou,barri,1998,16976,40,191
provencals del poblenou,barri,1999,16841,36,240
provencals del poblenou,barri,2000,16792,38,276
provencals del poblenou,barri,2001,16678,43,409
provencals del poblenou,barri,2002,16610,67,779
provencals del poblenou,barri,2003,16468,97,1112
provencals del poblenou,barri,2004,16316,126,1253
provencals del poblenou,barri,2005,16266,180,1532
provencals del poblenou,barri,2006,16263,253,1670
provencals del poblenou,barri,2007,16530,437,1642
provencals del poblenou,barri,2008,16615,551,1689
provencals del poblenou,barri,2009,16794,625,1885
provencals del poblenou,barri,2010,16974,696,1924
provencals del poblenou,barri,2011,16955,682,1914
provencals del poblenou,barri,2012,17218,710,1948
provencals del poblenou,barri,2013,17345,748,1975
provencals del poblenou,barri,2014,17480,748,1870
provencals del poblenou,barri,2015,17654,752,1756
provencals del poblenou,barri,2016,17692,822,1867
provencals del poblenou,barri,2017,17623,907,1989
provencals del poblenou,barri,2018,17570,1004,2054
provencals del poblenou,barri,2019,17676,1166,2273
provencals del poblenou,barri,2020,17615,1238,2463
provencals del poblenou,barri,2021,17406,1185,2588
provencals del poblenou,barri,2022,17380,1225,2480
provencals del poblenou,barri,2023,17163,1278,2829
sant marti de provencals,barri,1997,27204,40,114
sant marti de provencals,barri,1998,27434,46,162
sant marti de provencals,barri,1999,27336,49,190
sant marti de provencals,barri,2000,26881,60,241
sant marti de provencals,barri,2001,26487,71,414
sant marti de provencals,barri,2002,26132,107,725
sant marti de provencals,barri,2003,25695,134,1094
sant marti de provencals,barri,2004,25218,171,1374
sant marti de provencals,barri,2005,24710,221,1649
sant marti de provencals,barri,2006,24183,281,1968
sant marti de provencals,barri,2007,23815,432,1870
sant marti de provencals,barri,2008,23522,546,2104
sant marti de provencals,barri,2009,23413,573,2301
sant marti de provencals,barri,2010,23355,569,2230
sant marti de provencals,barri,2011,23248,549,2357
sant marti de provencals,barri,2012,23213,541,2371
sant marti de provencals,barri,2013,23088,571,2341
sant marti de provencals,barri,2014,23074,590,2252
sant marti de provencals,barri,2015,23267,598,2106
sant marti de provencals,barri,2016,23182,609,2239
sant marti de provencals,barri,2017,22943,669,2575
sant marti de provencals,barri,2018,22794,690,2608
sant marti de provencals,barri,2019,22567,792,2807
sant marti de provencals,barri,2020,22343,794,3028
sant marti de provencals,barri,2021,22206,801,3219
sant marti de provencals,barri,2022,21898,824,3126
sant marti de provencals,barri,2023,21702,897,3565
la verneda i la pau,barri,1997,31971,37,114
la verneda i la pau,barri,1998,31915,35,147
la verneda i la pau,barri,1999,31482,45,172
la verneda i la pau,barri,2000,30855,52,233
la verneda i la pau,barri,2001,30180,58,437
la verneda i la pau,barri,2002,29742,65,792
la verneda i la pau,barri,2003,29235,78,1301
la verneda i la pau,barri,2004,28379,122,1736
la verneda i la pau,barri,2005,27800,160,1992
la verneda i la pau,barri,2006,27339,178,2271
la verneda i la pau,barri,2007,26956,325,2235
la verneda i la pau,barri,2008,26620,453,2495
la verneda i la pau,barri,2009,26394,481,2691
la verneda i la pau,barri,2010,26305,508,2647
la verneda i la pau,barri,2011,26042,464,2537
la verneda i la pau,barri,2012,26009,510,2711
la verneda i la pau,barri,2013,25920,528,2734
la verneda i la pau,barri,2014,25731,489,2587
la verneda i la pau,barri,2015,25768,500,2458
la verneda i la pau,barri,2016,25644,525,2503
la verneda i la pau,barri,2017,25415,569,2739
la verneda i la pau,barri,2018,25159,616,3037
la verneda i la pau,barri,2019,24903,673,3306
la verneda i la pau,barri,2020,24619,713,3544
la verneda i la pau,barri,2021,24384,703,3708
la verneda i la pau,barri,2022,24391,736,3626
la verneda i la pau,barri,2023,24199,745,4304
