territori,tipus_de_territori,anys,preu_mitja_lloguer
catalunya,comunitat autonoma,2000,NA
catalunya,comunitat autonoma,2001,NA
catalunya,comunitat autonoma,2002,NA
catalunya,comunitat autonoma,2003,NA
catalunya,comunitat autonoma,2004,NA
catalunya,comunitat autonoma,2005,552.0147952
catalunya,comunitat autonoma,2006,602.7587591
catalunya,comunitat autonoma,2007,645.3627677
catalunya,comunitat autonoma,2008,677.9943908
catalunya,comunitat autonoma,2009,650.3302911
catalunya,comunitat autonoma,2010,614.54642
catalunya,comunitat autonoma,2011,599.1649943
catalunya,comunitat autonoma,2012,571.218656
catalunya,comunitat autonoma,2013,542.1825304
catalunya,comunitat autonoma,2014,539.5361585
catalunya,comunitat autonoma,2015,557.4956
catalunya,comunitat autonoma,2016,595.6554984
catalunya,comunitat autonoma,2017,654.8282722
catalunya,comunitat autonoma,2018,698.3645826
catalunya,comunitat autonoma,2019,735.3630201
catalunya,comunitat autonoma,2020,734.3265039
catalunya,comunitat autonoma,2021,724.094353
catalunya,comunitat autonoma,2022,779.8350152
catalunya,comunitat autonoma,2023,835.2154807
metropolita de barcelona,ambit funcional territorial,2000,NA
metropolita de barcelona,ambit funcional territorial,2001,NA
metropolita de barcelona,ambit funcional territorial,2002,NA
metropolita de barcelona,ambit funcional territorial,2003,NA
metropolita de barcelona,ambit funcional territorial,2004,NA
metropolita de barcelona,ambit funcional territorial,2005,596.0024329
metropolita de barcelona,ambit funcional territorial,2006,651.2957628
metropolita de barcelona,ambit funcional territorial,2007,708.6860502
metropolita de barcelona,ambit funcional territorial,2008,749.1657964
metropolita de barcelona,ambit funcional territorial,2009,720.7872332
metropolita de barcelona,ambit funcional territorial,2010,687.2797038
metropolita de barcelona,ambit funcional territorial,2011,670.7592498
metropolita de barcelona,ambit funcional territorial,2012,639.8651167
metropolita de barcelona,ambit funcional territorial,2013,603.66998
metropolita de barcelona,ambit funcional territorial,2014,603.4701485
metropolita de barcelona,ambit funcional territorial,2015,634.952
metropolita de barcelona,ambit funcional territorial,2016,685.3834096
metropolita de barcelona,ambit funcional territorial,2017,753.3120483
metropolita de barcelona,ambit funcional territorial,2018,800.6816096
metropolita de barcelona,ambit funcional territorial,2019,844.2887011
metropolita de barcelona,ambit funcional territorial,2020,842.2256202
metropolita de barcelona,ambit funcional territorial,2021,821.6550974
metropolita de barcelona,ambit funcional territorial,2022,889.3656377
metropolita de barcelona,ambit funcional territorial,2023,960.561363
barcelona,municipi,2000,408.2685322
barcelona,municipi,2001,466.3374181
barcelona,municipi,2002,519.8091215
barcelona,municipi,2003,550.5919991
barcelona,municipi,2004,584.7805514
barcelona,municipi,2005,636.0211689
barcelona,municipi,2006,695.7542757
barcelona,municipi,2007,766.1753198
barcelona,municipi,2008,813.0232616
barcelona,municipi,2009,792.8864333
barcelona,municipi,2010,761.8669324
barcelona,municipi,2011,752.8601403
barcelona,municipi,2012,720.131852
barcelona,municipi,2013,681.55667330000006
barcelona,municipi,2014,688.2341311
barcelona,municipi,2015,734.9363
barcelona,municipi,2016,801.2836764
barcelona,municipi,2017,877.2765183
barcelona,municipi,2018,929.5675992
barcelona,municipi,2019,978.8066339
barcelona,municipi,2020,964.8080379
barcelona,municipi,2021,918.8359577
barcelona,municipi,2022,1026.860575
barcelona,municipi,2023,1136.399961
ciutat vella,districte,2000,325.191895
ciutat vella,districte,2001,350.9249161
ciutat vella,districte,2002,412.0531833
ciutat vella,districte,2003,443.1504516
ciutat vella,districte,2004,469.8563702
ciutat vella,districte,2005,539.2881261
ciutat vella,districte,2006,597.5975604
ciutat vella,districte,2007,660.9569614
ciutat vella,districte,2008,729.5869728
ciutat vella,districte,2009,715.6755064
ciutat vella,districte,2010,678.7898241
ciutat vella,districte,2011,663.0184923
ciutat vella,districte,2012,644.1452034
ciutat vella,districte,2013,618.6695989
ciutat vella,districte,2014,639.1097631
ciutat vella,districte,2015,675.7432
ciutat vella,districte,2016,739.2322591
ciutat vella,districte,2017,828.7861342
ciutat vella,districte,2018,914.041285
ciutat vella,districte,2019,945.5301408
ciutat vella,districte,2020,913.664714
ciutat vella,districte,2021,846.4039719
ciutat vella,districte,2022,1008.350958
ciutat vella,districte,2023,1079.006385
el raval,barri,2000,NA
el raval,barri,2001,NA
el raval,barri,2002,NA
el raval,barri,2003,NA
el raval,barri,2004,NA
el raval,barri,2005,NA
el raval,barri,2006,NA
el raval,barri,2007,NA
el raval,barri,2008,NA
el raval,barri,2009,NA
el raval,barri,2010,NA
el raval,barri,2011,NA
el raval,barri,2012,NA
el raval,barri,2013,NA
el raval,barri,2014,577.8528364
el raval,barri,2015,625.8214
el raval,barri,2016,667.0037911
el raval,barri,2017,748.5794858
el raval,barri,2018,821.8404327
el raval,barri,2019,850.1123432
el raval,barri,2020,833.8682277
el raval,barri,2021,768.7829456
el raval,barri,2022,911.974139
el raval,barri,2023,959.5023488
el barri gotic,barri,2000,NA
el barri gotic,barri,2001,NA
el barri gotic,barri,2002,NA
el barri gotic,barri,2003,NA
el barri gotic,barri,2004,NA
el barri gotic,barri,2005,NA
el barri gotic,barri,2006,NA
el barri gotic,barri,2007,NA
el barri gotic,barri,2008,NA
el barri gotic,barri,2009,NA
el barri gotic,barri,2010,NA
el barri gotic,barri,2011,NA
el barri gotic,barri,2012,NA
el barri gotic,barri,2013,NA
el barri gotic,barri,2014,749.990873
el barri gotic,barri,2015,786.0439
el barri gotic,barri,2016,868.9481911
el barri gotic,barri,2017,973.2701609
el barri gotic,barri,2018,1024.783775
el barri gotic,barri,2019,1097.290124
el barri gotic,barri,2020,1035.777712
el barri gotic,barri,2021,947.0674952
el barri gotic,barri,2022,1133.360204
el barri gotic,barri,2023,1265.379381
la barceloneta,barri,2000,NA
la barceloneta,barri,2001,NA
la barceloneta,barri,2002,NA
la barceloneta,barri,2003,NA
la barceloneta,barri,2004,NA
la barceloneta,barri,2005,NA
la barceloneta,barri,2006,NA
la barceloneta,barri,2007,NA
la barceloneta,barri,2008,NA
la barceloneta,barri,2009,NA
la barceloneta,barri,2010,NA
la barceloneta,barri,2011,NA
la barceloneta,barri,2012,NA
la barceloneta,barri,2013,NA
la barceloneta,barri,2014,563.0821731
la barceloneta,barri,2015,602.619
la barceloneta,barri,2016,667.3402662
la barceloneta,barri,2017,745.8147141
la barceloneta,barri,2018,899.369012
la barceloneta,barri,2019,895.897039
la barceloneta,barri,2020,867.9498905
la barceloneta,barri,2021,827.0884807
la barceloneta,barri,2022,944.0255718
la barceloneta,barri,2023,991.0295339
"sant pere, santa caterina i la ribera",barri,2000,NA
"sant pere, santa caterina i la ribera",barri,2001,NA
"sant pere, santa caterina i la ribera",barri,2002,NA
"sant pere, santa caterina i la ribera",barri,2003,NA
"sant pere, santa caterina i la ribera",barri,2004,NA
"sant pere, santa caterina i la ribera",barri,2005,NA
"sant pere, santa caterina i la ribera",barri,2006,NA
"sant pere, santa caterina i la ribera",barri,2007,NA
"sant pere, santa caterina i la ribera",barri,2008,NA
"sant pere, santa caterina i la ribera",barri,2009,NA
"sant pere, santa caterina i la ribera",barri,2010,NA
"sant pere, santa caterina i la ribera",barri,2011,NA
"sant pere, santa caterina i la ribera",barri,2012,NA
"sant pere, santa caterina i la ribera",barri,2013,NA
"sant pere, santa caterina i la ribera",barri,2014,685.1428004
"sant pere, santa caterina i la ribera",barri,2015,723.4489
"sant pere, santa caterina i la ribera",barri,2016,807.2592014
"sant pere, santa caterina i la ribera",barri,2017,916.6526967
"sant pere, santa caterina i la ribera",barri,2018,972.069013
"sant pere, santa caterina i la ribera",barri,2019,996.3534925
"sant pere, santa caterina i la ribera",barri,2020,954.4768416
"sant pere, santa caterina i la ribera",barri,2021,888.2700664
"sant pere, santa caterina i la ribera",barri,2022,1070.015077
"sant pere, santa caterina i la ribera",barri,2023,1138.015589
eixample,districte,2000,436.3817708
eixample,districte,2001,515.1926847
eixample,districte,2002,564.6640624
eixample,districte,2003,595.4840516
eixample,districte,2004,635.3561163
eixample,districte,2005,703.0551282
eixample,districte,2006,750.7286647
eixample,districte,2007,831.100538
eixample,districte,2008,891.6376755
eixample,districte,2009,862.8537777
eixample,districte,2010,833.4628428
eixample,districte,2011,821.8094213
eixample,districte,2012,800.4475976
eixample,districte,2013,763.5268188
eixample,districte,2014,776.9125319
eixample,districte,2015,831.4381
eixample,districte,2016,917.2738016
eixample,districte,2017,990.7334956
eixample,districte,2018,1038.379706
eixample,districte,2019,1093.69783
eixample,districte,2020,1075.436849
eixample,districte,2021,1007.574932
eixample,districte,2022,1140.424348
eixample,districte,2023,1274.962259
el fort pienc,barri,2000,NA
el fort pienc,barri,2001,NA
el fort pienc,barri,2002,NA
el fort pienc,barri,2003,NA
el fort pienc,barri,2004,NA
el fort pienc,barri,2005,NA
el fort pienc,barri,2006,NA
el fort pienc,barri,2007,NA
el fort pienc,barri,2008,NA
el fort pienc,barri,2009,NA
el fort pienc,barri,2010,NA
el fort pienc,barri,2011,NA
el fort pienc,barri,2012,NA
el fort pienc,barri,2013,NA
el fort pienc,barri,2014,723.3286484
el fort pienc,barri,2015,768.1235
el fort pienc,barri,2016,823.4505402
el fort pienc,barri,2017,900.4181973
el fort pienc,barri,2018,950.3247859
el fort pienc,barri,2019,1012.41236
el fort pienc,barri,2020,1003.116258
el fort pienc,barri,2021,941.7681259
el fort pienc,barri,2022,1071.520203
el fort pienc,barri,2023,1179.546091
la sagrada familia,barri,2000,NA
la sagrada familia,barri,2001,NA
la sagrada familia,barri,2002,NA
la sagrada familia,barri,2003,NA
la sagrada familia,barri,2004,NA
la sagrada familia,barri,2005,NA
la sagrada familia,barri,2006,NA
la sagrada familia,barri,2007,NA
la sagrada familia,barri,2008,NA
la sagrada familia,barri,2009,NA
la sagrada familia,barri,2010,NA
la sagrada familia,barri,2011,NA
la sagrada familia,barri,2012,NA
la sagrada familia,barri,2013,NA
la sagrada familia,barri,2014,680.6806023
la sagrada familia,barri,2015,713.1482
la sagrada familia,barri,2016,775.990936
la sagrada familia,barri,2017,876.2485023
la sagrada familia,barri,2018,909.5861039
la sagrada familia,barri,2019,960.2126758
la sagrada familia,barri,2020,942.0899205
la sagrada familia,barri,2021,901.9817034
la sagrada familia,barri,2022,1019.402025
la sagrada familia,barri,2023,1115.109462
la dreta de l'eixample,barri,2000,NA
la dreta de l'eixample,barri,2001,NA
la dreta de l'eixample,barri,2002,NA
la dreta de l'eixample,barri,2003,NA
la dreta de l'eixample,barri,2004,NA
la dreta de l'eixample,barri,2005,NA
la dreta de l'eixample,barri,2006,NA
la dreta de l'eixample,barri,2007,NA
la dreta de l'eixample,barri,2008,NA
la dreta de l'eixample,barri,2009,NA
la dreta de l'eixample,barri,2010,NA
la dreta de l'eixample,barri,2011,NA
la dreta de l'eixample,barri,2012,NA
la dreta de l'eixample,barri,2013,NA
la dreta de l'eixample,barri,2014,945.8823636
la dreta de l'eixample,barri,2015,1012.5102
la dreta de l'eixample,barri,2016,1138.075177
la dreta de l'eixample,barri,2017,1195.226189
la dreta de l'eixample,barri,2018,1254.586013
la dreta de l'eixample,barri,2019,1307.616842
la dreta de l'eixample,barri,2020,1273.503243
la dreta de l'eixample,barri,2021,1189.224341
la dreta de l'eixample,barri,2022,1389.983161
la dreta de l'eixample,barri,2023,1578.630978
l'antiga esquerra de l'eixample,barri,2000,NA
l'antiga esquerra de l'eixample,barri,2001,NA
l'antiga esquerra de l'eixample,barri,2002,NA
l'antiga esquerra de l'eixample,barri,2003,NA
l'antiga esquerra de l'eixample,barri,2004,NA
l'antiga esquerra de l'eixample,barri,2005,NA
l'antiga esquerra de l'eixample,barri,2006,NA
l'antiga esquerra de l'eixample,barri,2007,NA
l'antiga esquerra de l'eixample,barri,2008,NA
l'antiga esquerra de l'eixample,barri,2009,NA
l'antiga esquerra de l'eixample,barri,2010,NA
l'antiga esquerra de l'eixample,barri,2011,NA
l'antiga esquerra de l'eixample,barri,2012,NA
l'antiga esquerra de l'eixample,barri,2013,NA
l'antiga esquerra de l'eixample,barri,2014,843.8570322
l'antiga esquerra de l'eixample,barri,2015,911.1438
l'antiga esquerra de l'eixample,barri,2016,979.2042031
l'antiga esquerra de l'eixample,barri,2017,1060.028242
l'antiga esquerra de l'eixample,barri,2018,1113.076788
l'antiga esquerra de l'eixample,barri,2019,1162.32163
l'antiga esquerra de l'eixample,barri,2020,1155.780407
l'antiga esquerra de l'eixample,barri,2021,1073.733963
l'antiga esquerra de l'eixample,barri,2022,1201.084216
l'antiga esquerra de l'eixample,barri,2023,1352.586271
la nova esquerra de l'eixample,barri,2000,NA
la nova esquerra de l'eixample,barri,2001,NA
la nova esquerra de l'eixample,barri,2002,NA
la nova esquerra de l'eixample,barri,2003,NA
la nova esquerra de l'eixample,barri,2004,NA
la nova esquerra de l'eixample,barri,2005,NA
la nova esquerra de l'eixample,barri,2006,NA
la nova esquerra de l'eixample,barri,2007,NA
la nova esquerra de l'eixample,barri,2008,NA
la nova esquerra de l'eixample,barri,2009,NA
la nova esquerra de l'eixample,barri,2010,NA
la nova esquerra de l'eixample,barri,2011,NA
la nova esquerra de l'eixample,barri,2012,NA
la nova esquerra de l'eixample,barri,2013,NA
la nova esquerra de l'eixample,barri,2014,732.1343255
la nova esquerra de l'eixample,barri,2015,783.8356
la nova esquerra de l'eixample,barri,2016,870.4811948
la nova esquerra de l'eixample,barri,2017,943.2298595
la nova esquerra de l'eixample,barri,2018,987.6463228
la nova esquerra de l'eixample,barri,2019,1053.832393
la nova esquerra de l'eixample,barri,2020,1034.152891
la nova esquerra de l'eixample,barri,2021,963.1436906
la nova esquerra de l'eixample,barri,2022,1069.604178
la nova esquerra de l'eixample,barri,2023,1177.586098
sant antoni,barri,2000,NA
sant antoni,barri,2001,NA
sant antoni,barri,2002,NA
sant antoni,barri,2003,NA
sant antoni,barri,2004,NA
sant antoni,barri,2005,NA
sant antoni,barri,2006,NA
sant antoni,barri,2007,NA
sant antoni,barri,2008,NA
sant antoni,barri,2009,NA
sant antoni,barri,2010,NA
sant antoni,barri,2011,NA
sant antoni,barri,2012,NA
sant antoni,barri,2013,NA
sant antoni,barri,2014,711.3695708
sant antoni,barri,2015,765.609
sant antoni,barri,2016,842.473
sant antoni,barri,2017,900.4813694
sant antoni,barri,2018,934.3432606
sant antoni,barri,2019,994.909158
sant antoni,barri,2020,971.881679
sant antoni,barri,2021,928.4860035
sant antoni,barri,2022,1037.984702
sant antoni,barri,2023,1134.063853
sants-montjuic,districte,2000,336.5556242
sants-montjuic,districte,2001,381.9285679
sants-montjuic,districte,2002,437.037606
sants-montjuic,districte,2003,453.7414029
sants-montjuic,districte,2004,498.7942644
sants-montjuic,districte,2005,558.7279837
sants-montjuic,districte,2006,620.9256029
sants-montjuic,districte,2007,668.8480967
sants-montjuic,districte,2008,725.9387002
sants-montjuic,districte,2009,698.8613803
sants-montjuic,districte,2010,671.9083611
sants-montjuic,districte,2011,671.5988551
sants-montjuic,districte,2012,633.0762936
sants-montjuic,districte,2013,596.4172655
sants-montjuic,districte,2014,598.4327104
sants-montjuic,districte,2015,624.5228
sants-montjuic,districte,2016,678.780231
sants-montjuic,districte,2017,763.1678844
sants-montjuic,districte,2018,803.7375108
sants-montjuic,districte,2019,841.4944747
sants-montjuic,districte,2020,846.8780755
sants-montjuic,districte,2021,799.6923035
sants-montjuic,districte,2022,916.8617731
sants-montjuic,districte,2023,1032.204309
el poble-sec,barri,2000,NA
el poble-sec,barri,2001,NA
el poble-sec,barri,2002,NA
el poble-sec,barri,2003,NA
el poble-sec,barri,2004,NA
el poble-sec,barri,2005,NA
el poble-sec,barri,2006,NA
el poble-sec,barri,2007,NA
el poble-sec,barri,2008,NA
el poble-sec,barri,2009,NA
el poble-sec,barri,2010,NA
el poble-sec,barri,2011,NA
el poble-sec,barri,2012,NA
el poble-sec,barri,2013,NA
el poble-sec,barri,2014,582.6003697
el poble-sec,barri,2015,612.1455
el poble-sec,barri,2016,669.5252087
el poble-sec,barri,2017,749.5214781
el poble-sec,barri,2018,801.8129436
el poble-sec,barri,2019,837.0538048
el poble-sec,barri,2020,827.429774
el poble-sec,barri,2021,780.1149601
el poble-sec,barri,2022,881.2877731
el poble-sec,barri,2023,937.2811124
la marina del prat vermell,barri,2000,NA
la marina del prat vermell,barri,2001,NA
la marina del prat vermell,barri,2002,NA
la marina del prat vermell,barri,2003,NA
la marina del prat vermell,barri,2004,NA
la marina del prat vermell,barri,2005,NA
la marina del prat vermell,barri,2006,NA
la marina del prat vermell,barri,2007,NA
la marina del prat vermell,barri,2008,NA
la marina del prat vermell,barri,2009,NA
la marina del prat vermell,barri,2010,NA
la marina del prat vermell,barri,2011,NA
la marina del prat vermell,barri,2012,NA
la marina del prat vermell,barri,2013,NA
la marina del prat vermell,barri,2014,450
la marina del prat vermell,barri,2015,404.7119
la marina del prat vermell,barri,2016,356.563
la marina del prat vermell,barri,2017,NA
la marina del prat vermell,barri,2018,NA
la marina del prat vermell,barri,2019,374.3496825
la marina del prat vermell,barri,2020,NA
la marina del prat vermell,barri,2021,430.5857143
la marina del prat vermell,barri,2022,1456.6
la marina del prat vermell,barri,2023,1451.075269
la marina de port,barri,2000,NA
la marina de port,barri,2001,NA
la marina de port,barri,2002,NA
la marina de port,barri,2003,NA
la marina de port,barri,2004,NA
la marina de port,barri,2005,NA
la marina de port,barri,2006,NA
la marina de port,barri,2007,NA
la marina de port,barri,2008,NA
la marina de port,barri,2009,NA
la marina de port,barri,2010,NA
la marina de port,barri,2011,NA
la marina de port,barri,2012,NA
la marina de port,barri,2013,NA
la marina de port,barri,2014,527.2791837
la marina de port,barri,2015,542.2658
la marina de port,barri,2016,544.3789211
la marina de port,barri,2017,691.4249254
la marina de port,barri,2018,751.0589417
la marina de port,barri,2019,766.2527007
la marina de port,barri,2020,787.0947003
la marina de port,barri,2021,743.1476059
la marina de port,barri,2022,723.7744598
la marina de port,barri,2023,885.1381126
la font de la guatlla,barri,2000,NA
la font de la guatlla,barri,2001,NA
la font de la guatlla,barri,2002,NA
la font de la guatlla,barri,2003,NA
la font de la guatlla,barri,2004,NA
la font de la guatlla,barri,2005,NA
la font de la guatlla,barri,2006,NA
la font de la guatlla,barri,2007,NA
la font de la guatlla,barri,2008,NA
la font de la guatlla,barri,2009,NA
la font de la guatlla,barri,2010,NA
la font de la guatlla,barri,2011,NA
la font de la guatlla,barri,2012,NA
la font de la guatlla,barri,2013,NA
la font de la guatlla,barri,2014,644.6410646
la font de la guatlla,barri,2015,695.1985
la font de la guatlla,barri,2016,737.1529278
la font de la guatlla,barri,2017,811.0759567
la font de la guatlla,barri,2018,839.7083836
la font de la guatlla,barri,2019,865.921
la font de la guatlla,barri,2020,859.2797071
la font de la guatlla,barri,2021,826.7082965
la font de la guatlla,barri,2022,928.1630515
la font de la guatlla,barri,2023,1047.20042
hostafrancs,barri,2000,NA
hostafrancs,barri,2001,NA
hostafrancs,barri,2002,NA
hostafrancs,barri,2003,NA
hostafrancs,barri,2004,NA
hostafrancs,barri,2005,NA
hostafrancs,barri,2006,NA
hostafrancs,barri,2007,NA
hostafrancs,barri,2008,NA
hostafrancs,barri,2009,NA
hostafrancs,barri,2010,NA
hostafrancs,barri,2011,NA
hostafrancs,barri,2012,NA
hostafrancs,barri,2013,NA
hostafrancs,barri,2014,593.9064417
hostafrancs,barri,2015,624.6484
hostafrancs,barri,2016,687.8516322
hostafrancs,barri,2017,747.0873145
hostafrancs,barri,2018,796.2705108
hostafrancs,barri,2019,830.5591379
hostafrancs,barri,2020,852.267088
hostafrancs,barri,2021,789.7829495
hostafrancs,barri,2022,879.9778834
hostafrancs,barri,2023,967.8624079
la bordeta,barri,2000,NA
la bordeta,barri,2001,NA
la bordeta,barri,2002,NA
la bordeta,barri,2003,NA
la bordeta,barri,2004,NA
la bordeta,barri,2005,NA
la bordeta,barri,2006,NA
la bordeta,barri,2007,NA
la bordeta,barri,2008,NA
la bordeta,barri,2009,NA
la bordeta,barri,2010,NA
la bordeta,barri,2011,NA
la bordeta,barri,2012,NA
la bordeta,barri,2013,NA
la bordeta,barri,2014,611.3691129
la bordeta,barri,2015,638.4582
la bordeta,barri,2016,678.8623881
la bordeta,barri,2017,789.9802619
la bordeta,barri,2018,801.4443111
la bordeta,barri,2019,851.220557
la bordeta,barri,2020,861.7976235
la bordeta,barri,2021,832.3493125
la bordeta,barri,2022,1124.517547
la bordeta,barri,2023,1326.180982
sants-badal,barri,2000,NA
sants-badal,barri,2001,NA
sants-badal,barri,2002,NA
sants-badal,barri,2003,NA
sants-badal,barri,2004,NA
sants-badal,barri,2005,NA
sants-badal,barri,2006,NA
sants-badal,barri,2007,NA
sants-badal,barri,2008,NA
sants-badal,barri,2009,NA
sants-badal,barri,2010,NA
sants-badal,barri,2011,NA
sants-badal,barri,2012,NA
sants-badal,barri,2013,NA
sants-badal,barri,2014,597.2822823
sants-badal,barri,2015,626.5668
sants-badal,barri,2016,691.1666995
sants-badal,barri,2017,759.1847005
sants-badal,barri,2018,784.5440333
sants-badal,barri,2019,851.5844048
sants-badal,barri,2020,845.3940351
sants-badal,barri,2021,793.2803737
sants-badal,barri,2022,881.058759
sants-badal,barri,2023,981.5000994
sants,barri,2000,NA
sants,barri,2001,NA
sants,barri,2002,NA
sants,barri,2003,NA
sants,barri,2004,NA
sants,barri,2005,NA
sants,barri,2006,NA
sants,barri,2007,NA
sants,barri,2008,NA
sants,barri,2009,NA
sants,barri,2010,NA
sants,barri,2011,NA
sants,barri,2012,NA
sants,barri,2013,NA
sants,barri,2014,624.1176341
sants,barri,2015,653.3033
sants,barri,2016,711.3225299
sants,barri,2017,787.22797
sants,barri,2018,826.177
sants,barri,2019,877.7885152
sants,barri,2020,874.4671679
sants,barri,2021,828.9928996
sants,barri,2022,906.8922894
sants,barri,2023,1006.75517
les corts,districte,2000,567.7321352
les corts,districte,2001,627.004134
les corts,districte,2002,621.4756298
les corts,districte,2003,667.7120922
les corts,districte,2004,705.0817302
les corts,districte,2005,742.427019
les corts,districte,2006,829.1531525
les corts,districte,2007,955.4292463
les corts,districte,2008,990.5826176
les corts,districte,2009,933.7197145
les corts,districte,2010,908.9365423
les corts,districte,2011,891.4545337
les corts,districte,2012,867.3554136
les corts,districte,2013,826.7089697
les corts,districte,2014,853.0015559
les corts,districte,2015,925.4458
les corts,districte,2016,985.9395994
les corts,districte,2017,1052.297996
les corts,districte,2018,1089.526003
les corts,districte,2019,1156.951335
les corts,districte,2020,1112.496379
les corts,districte,2021,1054.137123
les corts,districte,2022,1185.708401
les corts,districte,2023,1294.199545
les corts,barri,2000,NA
les corts,barri,2001,NA
les corts,barri,2002,NA
les corts,barri,2003,NA
les corts,barri,2004,NA
les corts,barri,2005,NA
les corts,barri,2006,NA
les corts,barri,2007,NA
les corts,barri,2008,NA
les corts,barri,2009,NA
les corts,barri,2010,NA
les corts,barri,2011,NA
les corts,barri,2012,NA
les corts,barri,2013,NA
les corts,barri,2014,782.8847779
les corts,barri,2015,856.3435
les corts,barri,2016,939.0963751
les corts,barri,2017,1002.470491
les corts,barri,2018,1039.612214
les corts,barri,2019,1097.238544
les corts,barri,2020,1060.712106
les corts,barri,2021,1015.002961
les corts,barri,2022,1129.450824
les corts,barri,2023,1215.762937
la maternitat i sant ramon,barri,2000,NA
la maternitat i sant ramon,barri,2001,NA
la maternitat i sant ramon,barri,2002,NA
la maternitat i sant ramon,barri,2003,NA
la maternitat i sant ramon,barri,2004,NA
la maternitat i sant ramon,barri,2005,NA
la maternitat i sant ramon,barri,2006,NA
la maternitat i sant ramon,barri,2007,NA
la maternitat i sant ramon,barri,2008,NA
la maternitat i sant ramon,barri,2009,NA
la maternitat i sant ramon,barri,2010,NA
la maternitat i sant ramon,barri,2011,NA
la maternitat i sant ramon,barri,2012,NA
la maternitat i sant ramon,barri,2013,NA
la maternitat i sant ramon,barri,2014,760.2579641
la maternitat i sant ramon,barri,2015,756.616
la maternitat i sant ramon,barri,2016,847.8822587
la maternitat i sant ramon,barri,2017,925.155915
la maternitat i sant ramon,barri,2018,973.5521076
la maternitat i sant ramon,barri,2019,1009.208909
la maternitat i sant ramon,barri,2020,992.6912618
la maternitat i sant ramon,barri,2021,935.9274966
la maternitat i sant ramon,barri,2022,1068.721273
la maternitat i sant ramon,barri,2023,1190.126909
pedralbes,barri,2000,NA
pedralbes,barri,2001,NA
pedralbes,barri,2002,NA
pedralbes,barri,2003,NA
pedralbes,barri,2004,NA
pedralbes,barri,2005,NA
pedralbes,barri,2006,NA
pedralbes,barri,2007,NA
pedralbes,barri,2008,NA
pedralbes,barri,2009,NA
pedralbes,barri,2010,NA
pedralbes,barri,2011,NA
pedralbes,barri,2012,NA
pedralbes,barri,2013,NA
pedralbes,barri,2014,1473.833869
pedralbes,barri,2015,1729.9507
pedralbes,barri,2016,1661.826455
pedralbes,barri,2017,1785.628316
pedralbes,barri,2018,1739.595708
pedralbes,barri,2019,1860.55898
pedralbes,barri,2020,1718.2406
pedralbes,barri,2021,1699.087489
pedralbes,barri,2022,1813.899694
pedralbes,barri,2023,1952.002827
sarria-sant gervasi,districte,2000,631.1879851
sarria-sant gervasi,districte,2001,659.9213285
sarria-sant gervasi,districte,2002,742.9375494
sarria-sant gervasi,districte,2003,762.153759
sarria-sant gervasi,districte,2004,823.762259
sarria-sant gervasi,districte,2005,863.5708228
sarria-sant gervasi,districte,2006,917.6613176
sarria-sant gervasi,districte,2007,1014.244848
sarria-sant gervasi,districte,2008,1081.906972
sarria-sant gervasi,districte,2009,1029.299876
sarria-sant gervasi,districte,2010,998.6143325
sarria-sant gervasi,districte,2011,1017.114365
sarria-sant gervasi,districte,2012,984.4358269
sarria-sant gervasi,districte,2013,935.4735354
sarria-sant gervasi,districte,2014,978.0216076
sarria-sant gervasi,districte,2015,1051.2329
sarria-sant gervasi,districte,2016,1144.714707
sarria-sant gervasi,districte,2017,1227.892905
sarria-sant gervasi,districte,2018,1268.915012
sarria-sant gervasi,districte,2019,1316.56562
sarria-sant gervasi,districte,2020,1305.726906
sarria-sant gervasi,districte,2021,1246.395989
sarria-sant gervasi,districte,2022,1384.060165
sarria-sant gervasi,districte,2023,1550.788164
"vallvidrera, el tibidabo i les planes",barri,2000,NA
"vallvidrera, el tibidabo i les planes",barri,2001,NA
"vallvidrera, el tibidabo i les planes",barri,2002,NA
"vallvidrera, el tibidabo i les planes",barri,2003,NA
"vallvidrera, el tibidabo i les planes",barri,2004,NA
"vallvidrera, el tibidabo i les planes",barri,2005,NA
"vallvidrera, el tibidabo i les planes",barri,2006,NA
"vallvidrera, el tibidabo i les planes",barri,2007,NA
"vallvidrera, el tibidabo i les planes",barri,2008,NA
"vallvidrera, el tibidabo i les planes",barri,2009,NA
"vallvidrera, el tibidabo i les planes",barri,2010,NA
"vallvidrera, el tibidabo i les planes",barri,2011,NA
"vallvidrera, el tibidabo i les planes",barri,2012,NA
"vallvidrera, el tibidabo i les planes",barri,2013,NA
"vallvidrera, el tibidabo i les planes",barri,2014,1134.251136
"vallvidrera, el tibidabo i les planes",barri,2015,1006.5333
"vallvidrera, el tibidabo i les planes",barri,2016,1153.380758
"vallvidrera, el tibidabo i les planes",barri,2017,1220
"vallvidrera, el tibidabo i les planes",barri,2018,937.5477083
"vallvidrera, el tibidabo i les planes",barri,2019,1205.654935
"vallvidrera, el tibidabo i les planes",barri,2020,1233.074627
"vallvidrera, el tibidabo i les planes",barri,2021,1236.958429
"vallvidrera, el tibidabo i les planes",barri,2022,1107.019886
"vallvidrera, el tibidabo i les planes",barri,2023,1255.935484
sarria,barri,2000,NA
sarria,barri,2001,NA
sarria,barri,2002,NA
sarria,barri,2003,NA
sarria,barri,2004,NA
sarria,barri,2005,NA
sarria,barri,2006,NA
sarria,barri,2007,NA
sarria,barri,2008,NA
sarria,barri,2009,NA
sarria,barri,2010,NA
sarria,barri,2011,NA
sarria,barri,2012,NA
sarria,barri,2013,NA
sarria,barri,2014,1041.152074
sarria,barri,2015,1109.6624
sarria,barri,2016,1187.492393
sarria,barri,2017,1353.859119
sarria,barri,2018,1368.50798
sarria,barri,2019,1375.103236
sarria,barri,2020,1366.241655
sarria,barri,2021,1303.063929
sarria,barri,2022,1431.693131
sarria,barri,2023,1528.454709
les tres torres,barri,2000,NA
les tres torres,barri,2001,NA
les tres torres,barri,2002,NA
les tres torres,barri,2003,NA
les tres torres,barri,2004,NA
les tres torres,barri,2005,NA
les tres torres,barri,2006,NA
les tres torres,barri,2007,NA
les tres torres,barri,2008,NA
les tres torres,barri,2009,NA
les tres torres,barri,2010,NA
les tres torres,barri,2011,NA
les tres torres,barri,2012,NA
les tres torres,barri,2013,NA
les tres torres,barri,2014,1323.888026
les tres torres,barri,2015,1385.0352
les tres torres,barri,2016,1515.002727
les tres torres,barri,2017,1634.12256
les tres torres,barri,2018,1599.891401
les tres torres,barri,2019,1657.026446
les tres torres,barri,2020,1696.117022
les tres torres,barri,2021,1544.174411
les tres torres,barri,2022,1807.019316
les tres torres,barri,2023,1955.527022
sant gervasi-la bonanova,barri,2000,NA
sant gervasi-la bonanova,barri,2001,NA
sant gervasi-la bonanova,barri,2002,NA
sant gervasi-la bonanova,barri,2003,NA
sant gervasi-la bonanova,barri,2004,NA
sant gervasi-la bonanova,barri,2005,NA
sant gervasi-la bonanova,barri,2006,NA
sant gervasi-la bonanova,barri,2007,NA
sant gervasi-la bonanova,barri,2008,NA
sant gervasi-la bonanova,barri,2009,NA
sant gervasi-la bonanova,barri,2010,NA
sant gervasi-la bonanova,barri,2011,NA
sant gervasi-la bonanova,barri,2012,NA
sant gervasi-la bonanova,barri,2013,NA
sant gervasi-la bonanova,barri,2014,942.5591855
sant gervasi-la bonanova,barri,2015,1046.4413
sant gervasi-la bonanova,barri,2016,1125.320578
sant gervasi-la bonanova,barri,2017,1236.677357
sant gervasi-la bonanova,barri,2018,1285.614213
sant gervasi-la bonanova,barri,2019,1304.341823
sant gervasi-la bonanova,barri,2020,1301.129767
sant gervasi-la bonanova,barri,2021,1216.908577
sant gervasi-la bonanova,barri,2022,1360.142189
sant gervasi-la bonanova,barri,2023,1507.666443
sant gervasi-galvany,barri,2000,NA
sant gervasi-galvany,barri,2001,NA
sant gervasi-galvany,barri,2002,NA
sant gervasi-galvany,barri,2003,NA
sant gervasi-galvany,barri,2004,NA
sant gervasi-galvany,barri,2005,NA
sant gervasi-galvany,barri,2006,NA
sant gervasi-galvany,barri,2007,NA
sant gervasi-galvany,barri,2008,NA
sant gervasi-galvany,barri,2009,NA
sant gervasi-galvany,barri,2010,NA
sant gervasi-galvany,barri,2011,NA
sant gervasi-galvany,barri,2012,NA
sant gervasi-galvany,barri,2013,NA
sant gervasi-galvany,barri,2014,1047.420552
sant gervasi-galvany,barri,2015,1156.2648
sant gervasi-galvany,barri,2016,1241.816989
sant gervasi-galvany,barri,2017,1311.467176
sant gervasi-galvany,barri,2018,1347.83939
sant gervasi-galvany,barri,2019,1397.273005
sant gervasi-galvany,barri,2020,1362.275145
sant gervasi-galvany,barri,2021,1355.477942
sant gervasi-galvany,barri,2022,1487.734951
sant gervasi-galvany,barri,2023,1696.011169
el putxet i el farro,barri,2000,NA
el putxet i el farro,barri,2001,NA
el putxet i el farro,barri,2002,NA
el putxet i el farro,barri,2003,NA
el putxet i el farro,barri,2004,NA
el putxet i el farro,barri,2005,NA
el putxet i el farro,barri,2006,NA
el putxet i el farro,barri,2007,NA
el putxet i el farro,barri,2008,NA
el putxet i el farro,barri,2009,NA
el putxet i el farro,barri,2010,NA
el putxet i el farro,barri,2011,NA
el putxet i el farro,barri,2012,NA
el putxet i el farro,barri,2013,NA
el putxet i el farro,barri,2014,760.3452452
el putxet i el farro,barri,2015,799.6912
el putxet i el farro,barri,2016,876.6369124
el putxet i el farro,barri,2017,930.1923122
el putxet i el farro,barri,2018,995.3749564
el putxet i el farro,barri,2019,1086.419439
el putxet i el farro,barri,2020,1056.080999
el putxet i el farro,barri,2021,1003.627507
el putxet i el farro,barri,2022,1115.855
el putxet i el farro,barri,2023,1255.392551
gracia,districte,2000,370.8561976
gracia,districte,2001,425.715813
gracia,districte,2002,495.727556
gracia,districte,2003,507.3866707
gracia,districte,2004,548.9619224
gracia,districte,2005,620.9501229
gracia,districte,2006,668.7087228
gracia,districte,2007,741.5934248
gracia,districte,2008,792.0687466
gracia,districte,2009,762.2838053
gracia,districte,2010,738.7269418
gracia,districte,2011,737.0526745
gracia,districte,2012,706.600804
gracia,districte,2013,659.2457086
gracia,districte,2014,673.8620134
gracia,districte,2015,721.6543
gracia,districte,2016,787.8632527
gracia,districte,2017,856.419798
gracia,districte,2018,904.525633
gracia,districte,2019,957.7335962
gracia,districte,2020,950.3625096
gracia,districte,2021,896.3547867
gracia,districte,2022,999.7711018
gracia,districte,2023,1117.960477
vallcarca i els penitents,barri,2000,NA
vallcarca i els penitents,barri,2001,NA
vallcarca i els penitents,barri,2002,NA
vallcarca i els penitents,barri,2003,NA
vallcarca i els penitents,barri,2004,NA
vallcarca i els penitents,barri,2005,NA
vallcarca i els penitents,barri,2006,NA
vallcarca i els penitents,barri,2007,NA
vallcarca i els penitents,barri,2008,NA
vallcarca i els penitents,barri,2009,NA
vallcarca i els penitents,barri,2010,NA
vallcarca i els penitents,barri,2011,NA
vallcarca i els penitents,barri,2012,NA
vallcarca i els penitents,barri,2013,NA
vallcarca i els penitents,barri,2014,665.4803299
vallcarca i els penitents,barri,2015,735.7593
vallcarca i els penitents,barri,2016,787.7015251
vallcarca i els penitents,barri,2017,910.927192
vallcarca i els penitents,barri,2018,925.0180961
vallcarca i els penitents,barri,2019,972.2207885
vallcarca i els penitents,barri,2020,982.4902477
vallcarca i els penitents,barri,2021,941.4907431
vallcarca i els penitents,barri,2022,1006.759443
vallcarca i els penitents,barri,2023,1137.673753
el coll,barri,2000,NA
el coll,barri,2001,NA
el coll,barri,2002,NA
el coll,barri,2003,NA
el coll,barri,2004,NA
el coll,barri,2005,NA
el coll,barri,2006,NA
el coll,barri,2007,NA
el coll,barri,2008,NA
el coll,barri,2009,NA
el coll,barri,2010,NA
el coll,barri,2011,NA
el coll,barri,2012,NA
el coll,barri,2013,NA
el coll,barri,2014,555.8691379
el coll,barri,2015,557.0031
el coll,barri,2016,620.0309091
el coll,barri,2017,724.9399482
el coll,barri,2018,740.3634529
el coll,barri,2019,801.9835047
el coll,barri,2020,809.2673457
el coll,barri,2021,762.6033766
el coll,barri,2022,808.0424103
el coll,barri,2023,922.2271069
la salut,barri,2000,NA
la salut,barri,2001,NA
la salut,barri,2002,NA
la salut,barri,2003,NA
la salut,barri,2004,NA
la salut,barri,2005,NA
la salut,barri,2006,NA
la salut,barri,2007,NA
la salut,barri,2008,NA
la salut,barri,2009,NA
la salut,barri,2010,NA
la salut,barri,2011,NA
la salut,barri,2012,NA
la salut,barri,2013,NA
la salut,barri,2014,668.5056913
la salut,barri,2015,705.2071
la salut,barri,2016,773.4389
la salut,barri,2017,799.9669951
la salut,barri,2018,877.297904
la salut,barri,2019,918.3093557
la salut,barri,2020,967.2587085
la salut,barri,2021,888.4610427
la salut,barri,2022,955.4907921
la salut,barri,2023,1090.36462
la vila de gracia,barri,2000,NA
la vila de gracia,barri,2001,NA
la vila de gracia,barri,2002,NA
la vila de gracia,barri,2003,NA
la vila de gracia,barri,2004,NA
la vila de gracia,barri,2005,NA
la vila de gracia,barri,2006,NA
la vila de gracia,barri,2007,NA
la vila de gracia,barri,2008,NA
la vila de gracia,barri,2009,NA
la vila de gracia,barri,2010,NA
la vila de gracia,barri,2011,NA
la vila de gracia,barri,2012,NA
la vila de gracia,barri,2013,NA
la vila de gracia,barri,2014,681.7123291
la vila de gracia,barri,2015,733.1205
la vila de gracia,barri,2016,799.635445
la vila de gracia,barri,2017,860.6267237
la vila de gracia,barri,2018,915.8818578
la vila de gracia,barri,2019,962.9541872
la vila de gracia,barri,2020,953.3785632
la vila de gracia,barri,2021,900.7734352
la vila de gracia,barri,2022,1017.107453
la vila de gracia,barri,2023,1125.766873
el camp d'en grassot i gracia nova,barri,2000,NA
el camp d'en grassot i gracia nova,barri,2001,NA
el camp d'en grassot i gracia nova,barri,2002,NA
el camp d'en grassot i gracia nova,barri,2003,NA
el camp d'en grassot i gracia nova,barri,2004,NA
el camp d'en grassot i gracia nova,barri,2005,NA
el camp d'en grassot i gracia nova,barri,2006,NA
el camp d'en grassot i gracia nova,barri,2007,NA
el camp d'en grassot i gracia nova,barri,2008,NA
el camp d'en grassot i gracia nova,barri,2009,NA
el camp d'en grassot i gracia nova,barri,2010,NA
el camp d'en grassot i gracia nova,barri,2011,NA
el camp d'en grassot i gracia nova,barri,2012,NA
el camp d'en grassot i gracia nova,barri,2013,NA
el camp d'en grassot i gracia nova,barri,2014,683.3249306
el camp d'en grassot i gracia nova,barri,2015,725.4017
el camp d'en grassot i gracia nova,barri,2016,803.4930897
el camp d'en grassot i gracia nova,barri,2017,864.0654916
el camp d'en grassot i gracia nova,barri,2018,908.8894009
el camp d'en grassot i gracia nova,barri,2019,983.3577309
el camp d'en grassot i gracia nova,barri,2020,953.07205509999994
el camp d'en grassot i gracia nova,barri,2021,892.0216055
el camp d'en grassot i gracia nova,barri,2022,1007.48765
el camp d'en grassot i gracia nova,barri,2023,1138.44181
horta-guinardo,districte,2000,334.5211887
horta-guinardo,districte,2001,390.4950256
horta-guinardo,districte,2002,421.2141595
horta-guinardo,districte,2003,463.8770806
horta-guinardo,districte,2004,501.2357131
horta-guinardo,districte,2005,552.0904661
horta-guinardo,districte,2006,629.9971429
horta-guinardo,districte,2007,660.2914963
horta-guinardo,districte,2008,718.3601053
horta-guinardo,districte,2009,689.6816139
horta-guinardo,districte,2010,652.1097073
horta-guinardo,districte,2011,636.7302714
horta-guinardo,districte,2012,605.9197664
horta-guinardo,districte,2013,566.510878
horta-guinardo,districte,2014,563.7646913
horta-guinardo,districte,2015,586.8461
horta-guinardo,districte,2016,640.1547949
horta-guinardo,districte,2017,706.6259843
horta-guinardo,districte,2018,746.1606717
horta-guinardo,districte,2019,794.8831301
horta-guinardo,districte,2020,799.317279
horta-guinardo,districte,2021,768.8212979
horta-guinardo,districte,2022,819.7131258
horta-guinardo,districte,2023,915.8997254
el baix guinardo,barri,2000,NA
el baix guinardo,barri,2001,NA
el baix guinardo,barri,2002,NA
el baix guinardo,barri,2003,NA
el baix guinardo,barri,2004,NA
el baix guinardo,barri,2005,NA
el baix guinardo,barri,2006,NA
el baix guinardo,barri,2007,NA
el baix guinardo,barri,2008,NA
el baix guinardo,barri,2009,NA
el baix guinardo,barri,2010,NA
el baix guinardo,barri,2011,NA
el baix guinardo,barri,2012,NA
el baix guinardo,barri,2013,NA
el baix guinardo,barri,2014,620.9744093
el baix guinardo,barri,2015,642.6368
el baix guinardo,barri,2016,701.9935796
el baix guinardo,barri,2017,770.9424799
el baix guinardo,barri,2018,828.8038007
el baix guinardo,barri,2019,882.0107851
el baix guinardo,barri,2020,890.4953226
el baix guinardo,barri,2021,823.6011792
el baix guinardo,barri,2022,911.0259357
el baix guinardo,barri,2023,1028.551357
can baro,barri,2000,NA
can baro,barri,2001,NA
can baro,barri,2002,NA
can baro,barri,2003,NA
can baro,barri,2004,NA
can baro,barri,2005,NA
can baro,barri,2006,NA
can baro,barri,2007,NA
can baro,barri,2008,NA
can baro,barri,2009,NA
can baro,barri,2010,NA
can baro,barri,2011,NA
can baro,barri,2012,NA
can baro,barri,2013,NA
can baro,barri,2014,542.7197183
can baro,barri,2015,553.9651
can baro,barri,2016,636.7536232
can baro,barri,2017,686.9587732
can baro,barri,2018,738.1170526
can baro,barri,2019,769.0615849
can baro,barri,2020,787.7123
can baro,barri,2021,756.3712635
can baro,barri,2022,806.3586611
can baro,barri,2023,890.0170056
el guinardo,barri,2000,NA
el guinardo,barri,2001,NA
el guinardo,barri,2002,NA
el guinardo,barri,2003,NA
el guinardo,barri,2004,NA
el guinardo,barri,2005,NA
el guinardo,barri,2006,NA
el guinardo,barri,2007,NA
el guinardo,barri,2008,NA
el guinardo,barri,2009,NA
el guinardo,barri,2010,NA
el guinardo,barri,2011,NA
el guinardo,barri,2012,NA
el guinardo,barri,2013,NA
el guinardo,barri,2014,581.3937364
el guinardo,barri,2015,612.8952
el guinardo,barri,2016,666.4422272
el guinardo,barri,2017,736.9106409
el guinardo,barri,2018,771.4824349
el guinardo,barri,2019,819.0477788
el guinardo,barri,2020,822.8964673
el guinardo,barri,2021,809.1236909
el guinardo,barri,2022,847.0788645
el guinardo,barri,2023,964.5013555
la font d'en fargues,barri,2000,NA
la font d'en fargues,barri,2001,NA
la font d'en fargues,barri,2002,NA
la font d'en fargues,barri,2003,NA
la font d'en fargues,barri,2004,NA
la font d'en fargues,barri,2005,NA
la font d'en fargues,barri,2006,NA
la font d'en fargues,barri,2007,NA
la font d'en fargues,barri,2008,NA
la font d'en fargues,barri,2009,NA
la font d'en fargues,barri,2010,NA
la font d'en fargues,barri,2011,NA
la font d'en fargues,barri,2012,NA
la font d'en fargues,barri,2013,NA
la font d'en fargues,barri,2014,712.4144086
la font d'en fargues,barri,2015,723.5364
la font d'en fargues,barri,2016,717.4112195
la font d'en fargues,barri,2017,817.1015625
la font d'en fargues,barri,2018,828.2833333
la font d'en fargues,barri,2019,885.612449
la font d'en fargues,barri,2020,918.1501852
la font d'en fargues,barri,2021,815.230068
la font d'en fargues,barri,2022,873.4965254
la font d'en fargues,barri,2023,1057.51126
el carmel,barri,2000,NA
el carmel,barri,2001,NA
el carmel,barri,2002,NA
el carmel,barri,2003,NA
el carmel,barri,2004,NA
el carmel,barri,2005,NA
el carmel,barri,2006,NA
el carmel,barri,2007,NA
el carmel,barri,2008,NA
el carmel,barri,2009,NA
el carmel,barri,2010,NA
el carmel,barri,2011,NA
el carmel,barri,2012,NA
el carmel,barri,2013,NA
el carmel,barri,2014,494.9974254
el carmel,barri,2015,510.9756
el carmel,barri,2016,554.9463785
el carmel,barri,2017,603.3393287
el carmel,barri,2018,644.3398964
el carmel,barri,2019,685.0980307
el carmel,barri,2020,687.0060595
el carmel,barri,2021,674.4501414
el carmel,barri,2022,727.2034802
el carmel,barri,2023,776.5296223
la teixonera,barri,2000,NA
la teixonera,barri,2001,NA
la teixonera,barri,2002,NA
la teixonera,barri,2003,NA
la teixonera,barri,2004,NA
la teixonera,barri,2005,NA
la teixonera,barri,2006,NA
la teixonera,barri,2007,NA
la teixonera,barri,2008,NA
la teixonera,barri,2009,NA
la teixonera,barri,2010,NA
la teixonera,barri,2011,NA
la teixonera,barri,2012,NA
la teixonera,barri,2013,NA
la teixonera,barri,2014,486.438595
la teixonera,barri,2015,519.6792
la teixonera,barri,2016,578.6259164
la teixonera,barri,2017,648.8981728
la teixonera,barri,2018,701.6875254
la teixonera,barri,2019,738.8725606
la teixonera,barri,2020,718.3846809
la teixonera,barri,2021,714.7807947
la teixonera,barri,2022,779.3313718
la teixonera,barri,2023,847.1827273
sant genis dels agudells,barri,2000,NA
sant genis dels agudells,barri,2001,NA
sant genis dels agudells,barri,2002,NA
sant genis dels agudells,barri,2003,NA
sant genis dels agudells,barri,2004,NA
sant genis dels agudells,barri,2005,NA
sant genis dels agudells,barri,2006,NA
sant genis dels agudells,barri,2007,NA
sant genis dels agudells,barri,2008,NA
sant genis dels agudells,barri,2009,NA
sant genis dels agudells,barri,2010,NA
sant genis dels agudells,barri,2011,NA
sant genis dels agudells,barri,2012,NA
sant genis dels agudells,barri,2013,NA
sant genis dels agudells,barri,2014,553.8882353
sant genis dels agudells,barri,2015,551.1986
sant genis dels agudells,barri,2016,609.3003049
sant genis dels agudells,barri,2017,674.6676471
sant genis dels agudells,barri,2018,656.1283721
sant genis dels agudells,barri,2019,738.544
sant genis dels agudells,barri,2020,730.9072222
sant genis dels agudells,barri,2021,704.5712414
sant genis dels agudells,barri,2022,734.3782184
sant genis dels agudells,barri,2023,822.5969912
montbau,barri,2000,NA
montbau,barri,2001,NA
montbau,barri,2002,NA
montbau,barri,2003,NA
montbau,barri,2004,NA
montbau,barri,2005,NA
montbau,barri,2006,NA
montbau,barri,2007,NA
montbau,barri,2008,NA
montbau,barri,2009,NA
montbau,barri,2010,NA
montbau,barri,2011,NA
montbau,barri,2012,NA
montbau,barri,2013,NA
montbau,barri,2014,552.54
montbau,barri,2015,630.3692
montbau,barri,2016,644.2553191
montbau,barri,2017,724.766383
montbau,barri,2018,737.8311688
montbau,barri,2019,793.9261017
montbau,barri,2020,784.5560215
montbau,barri,2021,740.4337419
montbau,barri,2022,793.6857051
montbau,barri,2023,896.1950833
la vall d'hebron,barri,2000,NA
la vall d'hebron,barri,2001,NA
la vall d'hebron,barri,2002,NA
la vall d'hebron,barri,2003,NA
la vall d'hebron,barri,2004,NA
la vall d'hebron,barri,2005,NA
la vall d'hebron,barri,2006,NA
la vall d'hebron,barri,2007,NA
la vall d'hebron,barri,2008,NA
la vall d'hebron,barri,2009,NA
la vall d'hebron,barri,2010,NA
la vall d'hebron,barri,2011,NA
la vall d'hebron,barri,2012,NA
la vall d'hebron,barri,2013,NA
la vall d'hebron,barri,2014,699.3877551
la vall d'hebron,barri,2015,696.2903
la vall d'hebron,barri,2016,767.3642857
la vall d'hebron,barri,2017,828.9615789
la vall d'hebron,barri,2018,859.76
la vall d'hebron,barri,2019,864.6468519
la vall d'hebron,barri,2020,890.0381579
la vall d'hebron,barri,2021,861.9497368
la vall d'hebron,barri,2022,906.5408235
la vall d'hebron,barri,2023,945.8839344
la clota,barri,2000,NA
la clota,barri,2001,NA
la clota,barri,2002,NA
la clota,barri,2003,NA
la clota,barri,2004,NA
la clota,barri,2005,NA
la clota,barri,2006,NA
la clota,barri,2007,NA
la clota,barri,2008,NA
la clota,barri,2009,NA
la clota,barri,2010,NA
la clota,barri,2011,NA
la clota,barri,2012,NA
la clota,barri,2013,NA
la clota,barri,2014,480
la clota,barri,2015,350.2508
la clota,barri,2016,538.748
la clota,barri,2017,651.25
la clota,barri,2018,500.4228571
la clota,barri,2019,666.1845455
la clota,barri,2020,589.8444444
la clota,barri,2021,742.7842857
la clota,barri,2022,NA
la clota,barri,2023,829.0822222
horta,barri,2000,NA
horta,barri,2001,NA
horta,barri,2002,NA
horta,barri,2003,NA
horta,barri,2004,NA
horta,barri,2005,NA
horta,barri,2006,NA
horta,barri,2007,NA
horta,barri,2008,NA
horta,barri,2009,NA
horta,barri,2010,NA
horta,barri,2011,NA
horta,barri,2012,NA
horta,barri,2013,NA
horta,barri,2014,567.2433333
horta,barri,2015,579.8995
horta,barri,2016,630.6075446
horta,barri,2017,698.3742784
horta,barri,2018,747.3241167
horta,barri,2019,782.9382671
horta,barri,2020,785.0155245
horta,barri,2021,749.1868917
horta,barri,2022,801.7753912
horta,barri,2023,895.5867814
nou barris,districte,2000,330.9945278
nou barris,districte,2001,369.3698933
nou barris,districte,2002,426.9712545
nou barris,districte,2003,438.4277675
nou barris,districte,2004,472.7154464
nou barris,districte,2005,513.4849256
nou barris,districte,2006,582.1281762
nou barris,districte,2007,632.1307752
nou barris,districte,2008,676.5102096
nou barris,districte,2009,653.2752524
nou barris,districte,2010,621.4629239
nou barris,districte,2011,609.4270101
nou barris,districte,2012,551.6863727
nou barris,districte,2013,513.8204509
nou barris,districte,2014,499.3110614
nou barris,districte,2015,518.7996
nou barris,districte,2016,561.0694261
nou barris,districte,2017,625.5069294
nou barris,districte,2018,674.5904617
nou barris,districte,2019,704.5164616
nou barris,districte,2020,705.5058052
nou barris,districte,2021,684.4899747
nou barris,districte,2022,730.3625324
nou barris,districte,2023,796.8074948
vilapicina i la torre llobeta,barri,2000,NA
vilapicina i la torre llobeta,barri,2001,NA
vilapicina i la torre llobeta,barri,2002,NA
vilapicina i la torre llobeta,barri,2003,NA
vilapicina i la torre llobeta,barri,2004,NA
vilapicina i la torre llobeta,barri,2005,NA
vilapicina i la torre llobeta,barri,2006,NA
vilapicina i la torre llobeta,barri,2007,NA
vilapicina i la torre llobeta,barri,2008,NA
vilapicina i la torre llobeta,barri,2009,NA
vilapicina i la torre llobeta,barri,2010,NA
vilapicina i la torre llobeta,barri,2011,NA
vilapicina i la torre llobeta,barri,2012,NA
vilapicina i la torre llobeta,barri,2013,NA
vilapicina i la torre llobeta,barri,2014,568.2330045
vilapicina i la torre llobeta,barri,2015,586.6255
vilapicina i la torre llobeta,barri,2016,638.5304889
vilapicina i la torre llobeta,barri,2017,714.8333162
vilapicina i la torre llobeta,barri,2018,744.0775251
vilapicina i la torre llobeta,barri,2019,781.7273459
vilapicina i la torre llobeta,barri,2020,797.4521205
vilapicina i la torre llobeta,barri,2021,761.0556557
vilapicina i la torre llobeta,barri,2022,826.4201815
vilapicina i la torre llobeta,barri,2023,906.8950588
porta,barri,2000,NA
porta,barri,2001,NA
porta,barri,2002,NA
porta,barri,2003,NA
porta,barri,2004,NA
porta,barri,2005,NA
porta,barri,2006,NA
porta,barri,2007,NA
porta,barri,2008,NA
porta,barri,2009,NA
porta,barri,2010,NA
porta,barri,2011,NA
porta,barri,2012,NA
porta,barri,2013,NA
porta,barri,2014,529.5460845
porta,barri,2015,555.0417
porta,barri,2016,603.5893047
porta,barri,2017,662.0441293
porta,barri,2018,706.2543741
porta,barri,2019,751.4205937
porta,barri,2020,724.2994568
porta,barri,2021,714.6193455
porta,barri,2022,758.4085311
porta,barri,2023,836.4906634
el turo de la peira,barri,2000,NA
el turo de la peira,barri,2001,NA
el turo de la peira,barri,2002,NA
el turo de la peira,barri,2003,NA
el turo de la peira,barri,2004,NA
el turo de la peira,barri,2005,NA
el turo de la peira,barri,2006,NA
el turo de la peira,barri,2007,NA
el turo de la peira,barri,2008,NA
el turo de la peira,barri,2009,NA
el turo de la peira,barri,2010,NA
el turo de la peira,barri,2011,NA
el turo de la peira,barri,2012,NA
el turo de la peira,barri,2013,NA
el turo de la peira,barri,2014,473.1572937
el turo de la peira,barri,2015,504.3443
el turo de la peira,barri,2016,552.1874667
el turo de la peira,barri,2017,615.5004298
el turo de la peira,barri,2018,676.5674211
el turo de la peira,barri,2019,697.247975
el turo de la peira,barri,2020,695.7023
el turo de la peira,barri,2021,682.9596709
el turo de la peira,barri,2022,725.695546
el turo de la peira,barri,2023,765.9689818
can peguera,barri,2000,NA
can peguera,barri,2001,NA
can peguera,barri,2002,NA
can peguera,barri,2003,NA
can peguera,barri,2004,NA
can peguera,barri,2005,NA
can peguera,barri,2006,NA
can peguera,barri,2007,NA
can peguera,barri,2008,NA
can peguera,barri,2009,NA
can peguera,barri,2010,NA
can peguera,barri,2011,NA
can peguera,barri,2012,NA
can peguera,barri,2013,NA
can peguera,barri,2014,221.1345455
can peguera,barri,2015,211.3545
can peguera,barri,2016,253.1033333
can peguera,barri,2017,417.8442857
can peguera,barri,2018,439.6328571
can peguera,barri,2019,419.4271429
can peguera,barri,2020,365.56
can peguera,barri,2021,NA
can peguera,barri,2022,NA
can peguera,barri,2023,NA
la guineueta,barri,2000,NA
la guineueta,barri,2001,NA
la guineueta,barri,2002,NA
la guineueta,barri,2003,NA
la guineueta,barri,2004,NA
la guineueta,barri,2005,NA
la guineueta,barri,2006,NA
la guineueta,barri,2007,NA
la guineueta,barri,2008,NA
la guineueta,barri,2009,NA
la guineueta,barri,2010,NA
la guineueta,barri,2011,NA
la guineueta,barri,2012,NA
la guineueta,barri,2013,NA
la guineueta,barri,2014,614.5638397
la guineueta,barri,2015,562.8057
la guineueta,barri,2016,623.3563485
la guineueta,barri,2017,650.052892
la guineueta,barri,2018,714.8649563
la guineueta,barri,2019,744.15592590000006
la guineueta,barri,2020,737.8933203
la guineueta,barri,2021,678.3724815
la guineueta,barri,2022,760.6973564
la guineueta,barri,2023,843.2267857
canyelles,barri,2000,NA
canyelles,barri,2001,NA
canyelles,barri,2002,NA
canyelles,barri,2003,NA
canyelles,barri,2004,NA
canyelles,barri,2005,NA
canyelles,barri,2006,NA
canyelles,barri,2007,NA
canyelles,barri,2008,NA
canyelles,barri,2009,NA
canyelles,barri,2010,NA
canyelles,barri,2011,NA
canyelles,barri,2012,NA
canyelles,barri,2013,NA
canyelles,barri,2014,536.4102564
canyelles,barri,2015,563.9629
canyelles,barri,2016,625.6126316
canyelles,barri,2017,680.5638298
canyelles,barri,2018,716.5523529
canyelles,barri,2019,752.082549
canyelles,barri,2020,769.1727778
canyelles,barri,2021,746.7689744
canyelles,barri,2022,803.39775
canyelles,barri,2023,832.4651163
les roquetes,barri,2000,NA
les roquetes,barri,2001,NA
les roquetes,barri,2002,NA
les roquetes,barri,2003,NA
les roquetes,barri,2004,NA
les roquetes,barri,2005,NA
les roquetes,barri,2006,NA
les roquetes,barri,2007,NA
les roquetes,barri,2008,NA
les roquetes,barri,2009,NA
les roquetes,barri,2010,NA
les roquetes,barri,2011,NA
les roquetes,barri,2012,NA
les roquetes,barri,2013,NA
les roquetes,barri,2014,450.7590809
les roquetes,barri,2015,463.7288
les roquetes,barri,2016,489.5453788
les roquetes,barri,2017,533.3856842
les roquetes,barri,2018,602.0825926
les roquetes,barri,2019,621.170969
les roquetes,barri,2020,638.8255204
les roquetes,barri,2021,622.5756757
les roquetes,barri,2022,666.3852941
les roquetes,barri,2023,734.2964251
verdun,barri,2000,NA
verdun,barri,2001,NA
verdun,barri,2002,NA
verdun,barri,2003,NA
verdun,barri,2004,NA
verdun,barri,2005,NA
verdun,barri,2006,NA
verdun,barri,2007,NA
verdun,barri,2008,NA
verdun,barri,2009,NA
verdun,barri,2010,NA
verdun,barri,2011,NA
verdun,barri,2012,NA
verdun,barri,2013,NA
verdun,barri,2014,487.8771552
verdun,barri,2015,470.3987
verdun,barri,2016,533.3325862
verdun,barri,2017,591.6595021
verdun,barri,2018,630.6390068
verdun,barri,2019,663.3959233
verdun,barri,2020,660.4336406
verdun,barri,2021,647.9970085
verdun,barri,2022,645.2533088
verdun,barri,2023,753.3489252
la prosperitat,barri,2000,NA
la prosperitat,barri,2001,NA
la prosperitat,barri,2002,NA
la prosperitat,barri,2003,NA
la prosperitat,barri,2004,NA
la prosperitat,barri,2005,NA
la prosperitat,barri,2006,NA
la prosperitat,barri,2007,NA
la prosperitat,barri,2008,NA
la prosperitat,barri,2009,NA
la prosperitat,barri,2010,NA
la prosperitat,barri,2011,NA
la prosperitat,barri,2012,NA
la prosperitat,barri,2013,NA
la prosperitat,barri,2014,504.8563747
la prosperitat,barri,2015,530.2575
la prosperitat,barri,2016,562.3038266
la prosperitat,barri,2017,628.1126489
la prosperitat,barri,2018,665.5909786
la prosperitat,barri,2019,684.4005766
la prosperitat,barri,2020,700.8780909
la prosperitat,barri,2021,676.4846139
la prosperitat,barri,2022,725.3966944
la prosperitat,barri,2023,784.9111809
la trinitat nova,barri,2000,NA
la trinitat nova,barri,2001,NA
la trinitat nova,barri,2002,NA
la trinitat nova,barri,2003,NA
la trinitat nova,barri,2004,NA
la trinitat nova,barri,2005,NA
la trinitat nova,barri,2006,NA
la trinitat nova,barri,2007,NA
la trinitat nova,barri,2008,NA
la trinitat nova,barri,2009,NA
la trinitat nova,barri,2010,NA
la trinitat nova,barri,2011,NA
la trinitat nova,barri,2012,NA
la trinitat nova,barri,2013,NA
la trinitat nova,barri,2014,434.4228226
la trinitat nova,barri,2015,448.318
la trinitat nova,barri,2016,431.1033621
la trinitat nova,barri,2017,541.4829752
la trinitat nova,barri,2018,580.84608
la trinitat nova,barri,2019,606.7331034
la trinitat nova,barri,2020,586.5737805
la trinitat nova,barri,2021,594.6536641
la trinitat nova,barri,2022,628.7737097
la trinitat nova,barri,2023,657.3862766
torre baro,barri,2000,NA
torre baro,barri,2001,NA
torre baro,barri,2002,NA
torre baro,barri,2003,NA
torre baro,barri,2004,NA
torre baro,barri,2005,NA
torre baro,barri,2006,NA
torre baro,barri,2007,NA
torre baro,barri,2008,NA
torre baro,barri,2009,NA
torre baro,barri,2010,NA
torre baro,barri,2011,NA
torre baro,barri,2012,NA
torre baro,barri,2013,NA
torre baro,barri,2014,334.4575
torre baro,barri,2015,404.92380000000003
torre baro,barri,2016,412.6013793
torre baro,barri,2017,425.638
torre baro,barri,2018,512.4880952
torre baro,barri,2019,471.76
torre baro,barri,2020,525.894375
torre baro,barri,2021,538.1285714
torre baro,barri,2022,553.4666667
torre baro,barri,2023,494.6825
ciutat meridiana,barri,2000,NA
ciutat meridiana,barri,2001,NA
ciutat meridiana,barri,2002,NA
ciutat meridiana,barri,2003,NA
ciutat meridiana,barri,2004,NA
ciutat meridiana,barri,2005,NA
ciutat meridiana,barri,2006,NA
ciutat meridiana,barri,2007,NA
ciutat meridiana,barri,2008,NA
ciutat meridiana,barri,2009,NA
ciutat meridiana,barri,2010,NA
ciutat meridiana,barri,2011,NA
ciutat meridiana,barri,2012,NA
ciutat meridiana,barri,2013,NA
ciutat meridiana,barri,2014,372.8463699
ciutat meridiana,barri,2015,396.4313
ciutat meridiana,barri,2016,402.6346721
ciutat meridiana,barri,2017,435.3569291
ciutat meridiana,barri,2018,506.4366197
ciutat meridiana,barri,2019,562.0823016
ciutat meridiana,barri,2020,539.4243478
ciutat meridiana,barri,2021,526.9530435
ciutat meridiana,barri,2022,563.8839423
ciutat meridiana,barri,2023,611.7125664
vallbona,barri,2000,NA
vallbona,barri,2001,NA
vallbona,barri,2002,NA
vallbona,barri,2003,NA
vallbona,barri,2004,NA
vallbona,barri,2005,NA
vallbona,barri,2006,NA
vallbona,barri,2007,NA
vallbona,barri,2008,NA
vallbona,barri,2009,NA
vallbona,barri,2010,NA
vallbona,barri,2011,NA
vallbona,barri,2012,NA
vallbona,barri,2013,NA
vallbona,barri,2014,281.70875
vallbona,barri,2015,415.0842
vallbona,barri,2016,469.73125
vallbona,barri,2017,476.434375
vallbona,barri,2018,613.8571429
vallbona,barri,2019,581.9690909
vallbona,barri,2020,584.0644444
vallbona,barri,2021,517.8942857
vallbona,barri,2022,616.18
vallbona,barri,2023,NA
sant andreu,districte,2000,339.4942513
sant andreu,districte,2001,385.0425804
sant andreu,districte,2002,431.4420828
sant andreu,districte,2003,462.2526254
sant andreu,districte,2004,508.3495434
sant andreu,districte,2005,569.4025914
sant andreu,districte,2006,601.7221109
sant andreu,districte,2007,675.821076
sant andreu,districte,2008,723.90388
sant andreu,districte,2009,707.2339709
sant andreu,districte,2010,672.7344634
sant andreu,districte,2011,658.3704602
sant andreu,districte,2012,626.8252541
sant andreu,districte,2013,578.501785
sant andreu,districte,2014,575.1606003
sant andreu,districte,2015,610.9954
sant andreu,districte,2016,644.9080123
sant andreu,districte,2017,705.6614185
sant andreu,districte,2018,762.7112329
sant andreu,districte,2019,796.311279
sant andreu,districte,2020,797.8238361
sant andreu,districte,2021,764.0699555
sant andreu,districte,2022,829.3844072
sant andreu,districte,2023,910.3581414
la trinitat vella,barri,2000,NA
la trinitat vella,barri,2001,NA
la trinitat vella,barri,2002,NA
la trinitat vella,barri,2003,NA
la trinitat vella,barri,2004,NA
la trinitat vella,barri,2005,NA
la trinitat vella,barri,2006,NA
la trinitat vella,barri,2007,NA
la trinitat vella,barri,2008,NA
la trinitat vella,barri,2009,NA
la trinitat vella,barri,2010,NA
la trinitat vella,barri,2011,NA
la trinitat vella,barri,2012,NA
la trinitat vella,barri,2013,NA
la trinitat vella,barri,2014,422.9084337
la trinitat vella,barri,2015,441.4759
la trinitat vella,barri,2016,479.2873457
la trinitat vella,barri,2017,497.595977
la trinitat vella,barri,2018,586.4762644
la trinitat vella,barri,2019,602.8755063
la trinitat vella,barri,2020,639.6822388
la trinitat vella,barri,2021,606.897006
la trinitat vella,barri,2022,646.4586
la trinitat vella,barri,2023,714.3222047
baro de viver,barri,2000,NA
baro de viver,barri,2001,NA
baro de viver,barri,2002,NA
baro de viver,barri,2003,NA
baro de viver,barri,2004,NA
baro de viver,barri,2005,NA
baro de viver,barri,2006,NA
baro de viver,barri,2007,NA
baro de viver,barri,2008,NA
baro de viver,barri,2009,NA
baro de viver,barri,2010,NA
baro de viver,barri,2011,NA
baro de viver,barri,2012,NA
baro de viver,barri,2013,NA
baro de viver,barri,2014,241.1460714
baro de viver,barri,2015,287.3904
baro de viver,barri,2016,216.4122222
baro de viver,barri,2017,458.3736364
baro de viver,barri,2018,621.0125
baro de viver,barri,2019,486.2
baro de viver,barri,2020,581.9007692
baro de viver,barri,2021,556.6922222
baro de viver,barri,2022,615.9785714
baro de viver,barri,2023,699.5
el bon pastor,barri,2000,NA
el bon pastor,barri,2001,NA
el bon pastor,barri,2002,NA
el bon pastor,barri,2003,NA
el bon pastor,barri,2004,NA
el bon pastor,barri,2005,NA
el bon pastor,barri,2006,NA
el bon pastor,barri,2007,NA
el bon pastor,barri,2008,NA
el bon pastor,barri,2009,NA
el bon pastor,barri,2010,NA
el bon pastor,barri,2011,NA
el bon pastor,barri,2012,NA
el bon pastor,barri,2013,NA
el bon pastor,barri,2014,496.5816352
el bon pastor,barri,2015,537.285
el bon pastor,barri,2016,540.409434
el bon pastor,barri,2017,627.4538922
el bon pastor,barri,2018,682.8121081
el bon pastor,barri,2019,685.5717722
el bon pastor,barri,2020,726.6124138
el bon pastor,barri,2021,683.3613333
el bon pastor,barri,2022,741.0650307
el bon pastor,barri,2023,724.8874033
sant andreu,barri,2000,NA
sant andreu,barri,2001,NA
sant andreu,barri,2002,NA
sant andreu,barri,2003,NA
sant andreu,barri,2004,NA
sant andreu,barri,2005,NA
sant andreu,barri,2006,NA
sant andreu,barri,2007,NA
sant andreu,barri,2008,NA
sant andreu,barri,2009,NA
sant andreu,barri,2010,NA
sant andreu,barri,2011,NA
sant andreu,barri,2012,NA
sant andreu,barri,2013,NA
sant andreu,barri,2014,576.5961561
sant andreu,barri,2015,613.3408
sant andreu,barri,2016,658.6002393
sant andreu,barri,2017,733.9369982
sant andreu,barri,2018,764.8271845
sant andreu,barri,2019,805.2883029
sant andreu,barri,2020,810.0348971
sant andreu,barri,2021,766.6468481
sant andreu,barri,2022,821.2315851
sant andreu,barri,2023,910.9734604
la sagrera,barri,2000,NA
la sagrera,barri,2001,NA
la sagrera,barri,2002,NA
la sagrera,barri,2003,NA
la sagrera,barri,2004,NA
la sagrera,barri,2005,NA
la sagrera,barri,2006,NA
la sagrera,barri,2007,NA
la sagrera,barri,2008,NA
la sagrera,barri,2009,NA
la sagrera,barri,2010,NA
la sagrera,barri,2011,NA
la sagrera,barri,2012,NA
la sagrera,barri,2013,NA
la sagrera,barri,2014,607.0366181
la sagrera,barri,2015,636.6046
la sagrera,barri,2016,665.5900561
la sagrera,barri,2017,667.5553662
la sagrera,barri,2018,780.8934322
la sagrera,barri,2019,817.3483143
la sagrera,barri,2020,783.8934012
la sagrera,barri,2021,768.2925547
la sagrera,barri,2022,865.5268377
la sagrera,barri,2023,968.2132668
el congres i els indians,barri,2000,NA
el congres i els indians,barri,2001,NA
el congres i els indians,barri,2002,NA
el congres i els indians,barri,2003,NA
el congres i els indians,barri,2004,NA
el congres i els indians,barri,2005,NA
el congres i els indians,barri,2006,NA
el congres i els indians,barri,2007,NA
el congres i els indians,barri,2008,NA
el congres i els indians,barri,2009,NA
el congres i els indians,barri,2010,NA
el congres i els indians,barri,2011,NA
el congres i els indians,barri,2012,NA
el congres i els indians,barri,2013,NA
el congres i els indians,barri,2014,583.6716197
el congres i els indians,barri,2015,610.9423
el congres i els indians,barri,2016,649.6660759
el congres i els indians,barri,2017,730.8398706
el congres i els indians,barri,2018,774.3822888
el congres i els indians,barri,2019,793.4272256
el congres i els indians,barri,2020,804.9496212
el congres i els indians,barri,2021,775.4596491
el congres i els indians,barri,2022,830.6476774
el congres i els indians,barri,2023,924.3830894
navas,barri,2000,NA
navas,barri,2001,NA
navas,barri,2002,NA
navas,barri,2003,NA
navas,barri,2004,NA
navas,barri,2005,NA
navas,barri,2006,NA
navas,barri,2007,NA
navas,barri,2008,NA
navas,barri,2009,NA
navas,barri,2010,NA
navas,barri,2011,NA
navas,barri,2012,NA
navas,barri,2013,NA
navas,barri,2014,623.7837931
navas,barri,2015,672.0169
navas,barri,2016,714.0982574
navas,barri,2017,777.6361597
navas,barri,2018,813.2279218
navas,barri,2019,853.3606183
navas,barri,2020,864.0718282
navas,barri,2021,820.304606
navas,barri,2022,884.213178
navas,barri,2023,974.3143523
sant marti,districte,2000,341.6500211
sant marti,districte,2001,398.1173367
sant marti,districte,2002,467.7149255
sant marti,districte,2003,484.7596144
sant marti,districte,2004,531.9114228
sant marti,districte,2005,605.9312505
sant marti,districte,2006,682.0566245
sant marti,districte,2007,730.6151334
sant marti,districte,2008,770.162601
sant marti,districte,2009,738.2563314
sant marti,districte,2010,727.5044313
sant marti,districte,2011,705.3873781
sant marti,districte,2012,673.6015591
sant marti,districte,2013,637.3891633
sant marti,districte,2014,640.8130374
sant marti,districte,2015,700.5647
sant marti,districte,2016,771.4093792
sant marti,districte,2017,842.3285328
sant marti,districte,2018,884.5073145
sant marti,districte,2019,941.7123886
sant marti,districte,2020,929.907692
sant marti,districte,2021,888.3388604
sant marti,districte,2022,1000.156429
sant marti,districte,2023,1101.75201
el camp de l'arpa del clot,barri,2000,NA
el camp de l'arpa del clot,barri,2001,NA
el camp de l'arpa del clot,barri,2002,NA
el camp de l'arpa del clot,barri,2003,NA
el camp de l'arpa del clot,barri,2004,NA
el camp de l'arpa del clot,barri,2005,NA
el camp de l'arpa del clot,barri,2006,NA
el camp de l'arpa del clot,barri,2007,NA
el camp de l'arpa del clot,barri,2008,NA
el camp de l'arpa del clot,barri,2009,NA
el camp de l'arpa del clot,barri,2010,NA
el camp de l'arpa del clot,barri,2011,NA
el camp de l'arpa del clot,barri,2012,NA
el camp de l'arpa del clot,barri,2013,NA
el camp de l'arpa del clot,barri,2014,598.8184325
el camp de l'arpa del clot,barri,2015,644.0061
el camp de l'arpa del clot,barri,2016,697.985677
el camp de l'arpa del clot,barri,2017,778.1369169
el camp de l'arpa del clot,barri,2018,818.6601073
el camp de l'arpa del clot,barri,2019,855.9956912
el camp de l'arpa del clot,barri,2020,862.8269728
el camp de l'arpa del clot,barri,2021,820.0235754
el camp de l'arpa del clot,barri,2022,894.079511
el camp de l'arpa del clot,barri,2023,982.4771365
el clot,barri,2000,NA
el clot,barri,2001,NA
el clot,barri,2002,NA
el clot,barri,2003,NA
el clot,barri,2004,NA
el clot,barri,2005,NA
el clot,barri,2006,NA
el clot,barri,2007,NA
el clot,barri,2008,NA
el clot,barri,2009,NA
el clot,barri,2010,NA
el clot,barri,2011,NA
el clot,barri,2012,NA
el clot,barri,2013,NA
el clot,barri,2014,624.8444062
el clot,barri,2015,651.5979
el clot,barri,2016,695.5451048
el clot,barri,2017,767.5081994
el clot,barri,2018,808.9029444
el clot,barri,2019,856.5420833
el clot,barri,2020,872.0920572
el clot,barri,2021,825.6741088
el clot,barri,2022,904.0623156
el clot,barri,2023,1031.800823
el parc i la llacuna del poblenou,barri,2000,NA
el parc i la llacuna del poblenou,barri,2001,NA
el parc i la llacuna del poblenou,barri,2002,NA
el parc i la llacuna del poblenou,barri,2003,NA
el parc i la llacuna del poblenou,barri,2004,NA
el parc i la llacuna del poblenou,barri,2005,NA
el parc i la llacuna del poblenou,barri,2006,NA
el parc i la llacuna del poblenou,barri,2007,NA
el parc i la llacuna del poblenou,barri,2008,NA
el parc i la llacuna del poblenou,barri,2009,NA
el parc i la llacuna del poblenou,barri,2010,NA
el parc i la llacuna del poblenou,barri,2011,NA
el parc i la llacuna del poblenou,barri,2012,NA
el parc i la llacuna del poblenou,barri,2013,NA
el parc i la llacuna del poblenou,barri,2014,693.7176721
el parc i la llacuna del poblenou,barri,2015,748.8468
el parc i la llacuna del poblenou,barri,2016,823.601521
el parc i la llacuna del poblenou,barri,2017,893.6719022
el parc i la llacuna del poblenou,barri,2018,995.2195844
el parc i la llacuna del poblenou,barri,2019,1014.72446
el parc i la llacuna del poblenou,barri,2020,974.3197377
el parc i la llacuna del poblenou,barri,2021,972.1186788
el parc i la llacuna del poblenou,barri,2022,1150.17216
el parc i la llacuna del poblenou,barri,2023,1238.068984
la vila olimpica del poblenou,barri,2000,NA
la vila olimpica del poblenou,barri,2001,NA
la vila olimpica del poblenou,barri,2002,NA
la vila olimpica del poblenou,barri,2003,NA
la vila olimpica del poblenou,barri,2004,NA
la vila olimpica del poblenou,barri,2005,NA
la vila olimpica del poblenou,barri,2006,NA
la vila olimpica del poblenou,barri,2007,NA
la vila olimpica del poblenou,barri,2008,NA
la vila olimpica del poblenou,barri,2009,NA
la vila olimpica del poblenou,barri,2010,NA
la vila olimpica del poblenou,barri,2011,NA
la vila olimpica del poblenou,barri,2012,NA
la vila olimpica del poblenou,barri,2013,NA
la vila olimpica del poblenou,barri,2014,1003.237908
la vila olimpica del poblenou,barri,2015,1104.4784
la vila olimpica del poblenou,barri,2016,1184.043699
la vila olimpica del poblenou,barri,2017,1259.703333
la vila olimpica del poblenou,barri,2018,1284.429063
la vila olimpica del poblenou,barri,2019,1361.651667
la vila olimpica del poblenou,barri,2020,1376.593039
la vila olimpica del poblenou,barri,2021,1308.926654
la vila olimpica del poblenou,barri,2022,1426.272692
la vila olimpica del poblenou,barri,2023,1495.547229
el poblenou,barri,2000,NA
el poblenou,barri,2001,NA
el poblenou,barri,2002,NA
el poblenou,barri,2003,NA
el poblenou,barri,2004,NA
el poblenou,barri,2005,NA
el poblenou,barri,2006,NA
el poblenou,barri,2007,NA
el poblenou,barri,2008,NA
el poblenou,barri,2009,NA
el poblenou,barri,2010,NA
el poblenou,barri,2011,NA
el poblenou,barri,2012,NA
el poblenou,barri,2013,NA
el poblenou,barri,2014,654.3478873
el poblenou,barri,2015,735.0407
el poblenou,barri,2016,794.1109178
el poblenou,barri,2017,900.2204111
el poblenou,barri,2018,961.7319869
el poblenou,barri,2019,1004.723491
el poblenou,barri,2020,1002.820024
el poblenou,barri,2021,945.8589784
el poblenou,barri,2022,1079.906542
el poblenou,barri,2023,1172.834288
diagonal mar i el front maritim del poblenou,barri,2000,NA
diagonal mar i el front maritim del poblenou,barri,2001,NA
diagonal mar i el front maritim del poblenou,barri,2002,NA
diagonal mar i el front maritim del poblenou,barri,2003,NA
diagonal mar i el front maritim del poblenou,barri,2004,NA
diagonal mar i el front maritim del poblenou,barri,2005,NA
diagonal mar i el front maritim del poblenou,barri,2006,NA
diagonal mar i el front maritim del poblenou,barri,2007,NA
diagonal mar i el front maritim del poblenou,barri,2008,NA
diagonal mar i el front maritim del poblenou,barri,2009,NA
diagonal mar i el front maritim del poblenou,barri,2010,NA
diagonal mar i el front maritim del poblenou,barri,2011,NA
diagonal mar i el front maritim del poblenou,barri,2012,NA
diagonal mar i el front maritim del poblenou,barri,2013,NA
diagonal mar i el front maritim del poblenou,barri,2014,892.0334066
diagonal mar i el front maritim del poblenou,barri,2015,1059.7525
diagonal mar i el front maritim del poblenou,barri,2016,1124.803264
diagonal mar i el front maritim del poblenou,barri,2017,1092.06297
diagonal mar i el front maritim del poblenou,barri,2018,1085.343584
diagonal mar i el front maritim del poblenou,barri,2019,1372.3819
diagonal mar i el front maritim del poblenou,barri,2020,1171.574063
diagonal mar i el front maritim del poblenou,barri,2021,1045.178222
diagonal mar i el front maritim del poblenou,barri,2022,1247.496678
diagonal mar i el front maritim del poblenou,barri,2023,1325.184472
el besos i el maresme,barri,2000,NA
el besos i el maresme,barri,2001,NA
el besos i el maresme,barri,2002,NA
el besos i el maresme,barri,2003,NA
el besos i el maresme,barri,2004,NA
el besos i el maresme,barri,2005,NA
el besos i el maresme,barri,2006,NA
el besos i el maresme,barri,2007,NA
el besos i el maresme,barri,2008,NA
el besos i el maresme,barri,2009,NA
el besos i el maresme,barri,2010,NA
el besos i el maresme,barri,2011,NA
el besos i el maresme,barri,2012,NA
el besos i el maresme,barri,2013,NA
el besos i el maresme,barri,2014,477.0597983
el besos i el maresme,barri,2015,506.7127
el besos i el maresme,barri,2016,541.2450199
el besos i el maresme,barri,2017,613.0312429
el besos i el maresme,barri,2018,685.5638038
el besos i el maresme,barri,2019,738.0800471
el besos i el maresme,barri,2020,752.3805397
el besos i el maresme,barri,2021,710.3685644
el besos i el maresme,barri,2022,778.6687302
el besos i el maresme,barri,2023,779.6647664
provencals del poblenou,barri,2000,NA
provencals del poblenou,barri,2001,NA
provencals del poblenou,barri,2002,NA
provencals del poblenou,barri,2003,NA
provencals del poblenou,barri,2004,NA
provencals del poblenou,barri,2005,NA
provencals del poblenou,barri,2006,NA
provencals del poblenou,barri,2007,NA
provencals del poblenou,barri,2008,NA
provencals del poblenou,barri,2009,NA
provencals del poblenou,barri,2010,NA
provencals del poblenou,barri,2011,NA
provencals del poblenou,barri,2012,NA
provencals del poblenou,barri,2013,NA
provencals del poblenou,barri,2014,639.5526557
provencals del poblenou,barri,2015,661.3788
provencals del poblenou,barri,2016,839.8025414
provencals del poblenou,barri,2017,932.0159016
provencals del poblenou,barri,2018,948.796435
provencals del poblenou,barri,2019,982.0265311
provencals del poblenou,barri,2020,957.5181638
provencals del poblenou,barri,2021,949.6803769
provencals del poblenou,barri,2022,1024.300977
provencals del poblenou,barri,2023,1161.242259
sant marti de provencals,barri,2000,NA
sant marti de provencals,barri,2001,NA
sant marti de provencals,barri,2002,NA
sant marti de provencals,barri,2003,NA
sant marti de provencals,barri,2004,NA
sant marti de provencals,barri,2005,NA
sant marti de provencals,barri,2006,NA
sant marti de provencals,barri,2007,NA
sant marti de provencals,barri,2008,NA
sant marti de provencals,barri,2009,NA
sant marti de provencals,barri,2010,NA
sant marti de provencals,barri,2011,NA
sant marti de provencals,barri,2012,NA
sant marti de provencals,barri,2013,NA
sant marti de provencals,barri,2014,633.7751105
sant marti de provencals,barri,2015,673.9204
sant marti de provencals,barri,2016,700.7487533
sant marti de provencals,barri,2017,765.2230617
sant marti de provencals,barri,2018,792.682428
sant marti de provencals,barri,2019,837.5785439
sant marti de provencals,barri,2020,832.089033
sant marti de provencals,barri,2021,806.8240434
sant marti de provencals,barri,2022,987.5464516
sant marti de provencals,barri,2023,974.2408209
la verneda i la pau,barri,2000,NA
la verneda i la pau,barri,2001,NA
la verneda i la pau,barri,2002,NA
la verneda i la pau,barri,2003,NA
la verneda i la pau,barri,2004,NA
la verneda i la pau,barri,2005,NA
la verneda i la pau,barri,2006,NA
la verneda i la pau,barri,2007,NA
la verneda i la pau,barri,2008,NA
la verneda i la pau,barri,2009,NA
la verneda i la pau,barri,2010,NA
la verneda i la pau,barri,2011,NA
la verneda i la pau,barri,2012,NA
la verneda i la pau,barri,2013,NA
la verneda i la pau,barri,2014,565.4674763
la verneda i la pau,barri,2015,610.7191
la verneda i la pau,barri,2016,605.5592079
la verneda i la pau,barri,2017,688.6279625
la verneda i la pau,barri,2018,740.9246997
la verneda i la pau,barri,2019,778.4109138
la verneda i la pau,barri,2020,771.1526364
la verneda i la pau,barri,2021,743.7067546
la verneda i la pau,barri,2022,931.4165104
la verneda i la pau,barri,2023,1064.226277
